masked_words|abs_decrease_on_replacement
muslims|0.44923917915798117
gay/tg|0.4081289169216654
establishment|0.3793213232192633
outcome|0.3793213232192633
industries|0.3793213232192633
bellingham|0.3793213232192633
fulfill|0.3793213232192633
openings|0.3793213232192633
adjusted|0.3793213232192633
challenge|0.3793213232192633
1975|0.3793213232192633
caucasian|0.37490519087695656
readers/listeners|0.35938909046297524
realists|0.35938909046297524
promoter|0.35938909046297524
righteousness|0.35938909046297524
subjects|0.35938909046297524
tactics|0.35938909046297524
presentation|0.35938909046297524
outrageously|0.35938909046297524
oppose|0.35938909046297524
proofs|0.35938909046297524
intimidate|0.35938909046297524
notions|0.35938909046297524
arguments|0.35938909046297524
ultimate|0.35938909046297524
guilty|0.35938909046297524
behaviors|0.35938909046297524
fallacy|0.35938909046297524
fallacious|0.35938909046297524
bizarre|0.35938909046297524
engage|0.35938909046297524
dogmatic|0.35938909046297524
doctrinaire|0.35938909046297524
diverting|0.35938909046297524
commonly|0.35938909046297524
claimed|0.35938909046297524
tolerated|0.35938909046297524
intimidation|0.35938909046297524
writer|0.35938909046297524
nike|0.3530380143079208
gourmet|0.3530380143079208
limits|0.3530380143079208
beans|0.3530380143079208
grocery|0.3530380143079208
1971.|0.3530380143079208
cookies|0.3530380143079208
uggs|0.3530380143079208
trim|0.3530380143079208
bodied|0.3530380143079208
users|0.3530380143079208
pop|0.3530380143079208
steak|0.3530380143079208
junk|0.3530380143079208
fruit|0.3530380143079208
talenti|0.3530380143079208
haircuts|0.3530380143079208
vegetables|0.3530380143079208
foods|0.3530380143079208
cart|0.3530380143079208
looked|0.3530380143079208
1965.|0.3530380143079208
cheese|0.3477439637082699
push|0.3085929963832109
anti-civilized|0.30593488373688416
unaccepted|0.30393315627802175
religion|0.3034985771811569
civilized|0.3026769534172839
arabic|0.3015108817066924
sea-men|0.2980180936384526
escaping|0.28445282544591377
to.d|0.28445282544591377
pit|0.28445282544591377
lil|0.28445282544591377
siblings|0.28445282544591377
deaths|0.28445282544591377
looting|0.28445282544591377
climbed|0.28445282544591377
privileges|0.28445282544591377
momma|0.28445282544591377
photos|0.28445282544591377
distracted|0.28445282544591377
climb|0.28445282544591377
sea|0.2749820154906592
deeper|0.2677868676995879
opposition|0.26270939536314963
audacity|0.2584846778854454
anti-semitism|0.2584846778854454
israelis|0.2584846778854454
deeply|0.2584846778854454
distinguished|0.2584846778854454
j|0.2584846778854454
simpson|0.2584846778854454
despises|0.2584846778854454
illegals|0.2576080895758768
fit|0.24877744333973323
able-bodied|0.24625137944340603
illegal|0.24246222589945035
ugly|0.23991181214519242
terms|0.23959272697531683
figures|0.23959272697531683
expensive|0.23535867620528053
eggs|0.23535867620528053
kitchen|0.2197395866456954
random|0.217738064383917
shootings|0.217738064383917
contrary|0.217738064383917
socially|0.217738064383917
mike|0.217738064383917
bat|0.217738064383917
exception|0.217738064383917
unjustified|0.217738064383917
excuses|0.217738064383917
segment|0.217738064383917
justified|0.217738064383917
reporting|0.217738064383917
deviance|0.2173913207184152
refute|0.21563345427778516
wookie|0.21542956363634547
energy|0.21524937039067377
shenanigans|0.21524937039067377
success|0.21524937039067377
ensure|0.21524937039067377
equally|0.21524937039067377
darwin|0.21524937039067377
bald|0.21524937039067377
therefore|0.21524937039067377
track|0.21524937039067377
100m|0.21524937039067377
artificially|0.21524937039067377
winning|0.21524937039067377
loved|0.21524937039067377
oxymoron|0.21207876990717858
mooch-elles|0.21201857293845222
mooch|0.2082200620398929
ahead|0.20544061223052723
gay|0.20433961617468466
feminists|0.20391112900223884
respective|0.20028770582718272
peers|0.20028770582718272
reserved|0.20028770582718272
stations|0.20028770582718272
factories|0.20028770582718272
grants|0.20028770582718272
legislate|0.20028770582718272
dominated|0.20028770582718272
traditional|0.20028770582718272
70|0.20028770582718272
construction|0.20028770582718272
pun|0.20028770582718272
demographics|0.20028770582718272
roles|0.20028770582718272
initiatives|0.20028770582718272
ditches|0.20028770582718272
supervision|0.20028770582718272
inclusive|0.20028770582718272
stemmed|0.20028770582718272
industry|0.20028770582718272
loans|0.20028770582718272
refusals|0.20028770582718272
rides|0.20028770582718272
unsuccessful|0.19930269893929953
design|0.1976871888818554
workforce|0.1968689760246596
edicts|0.1968689760246596
benefit|0.19529468114980864
nurse|0.19495900420905676
cream|0.19495900420905676
dershowitz|0.19386350841408403
elderly|0.19025869289727926
position|0.18966066160963166
dictate|0.18966066160963166
checks|0.18966066160963166
wealth|0.18966066160963166
match|0.18966066160963166
background|0.18966066160963166
positions|0.18966066160963166
sand|0.1846118130434963
buffalo|0.18321623672190532
warfare|0.18146044399777123
elevated|0.17969454523148762
tactic|0.17969454523148762
righteous|0.17969454523148762
properly|0.17969454523148762
politically|0.17969454523148762
minded|0.17969454523148762
defensive|0.17969454523148762
foolish|0.17969454523148762
imply|0.17969454523148762
supposed|0.17969454523148762
dealt|0.17969454523148762
loving|0.17969454523148762
screening|0.1765190071539604
chicken|0.1765190071539604
purchase|0.1765190071539604
store|0.1765190071539604
oregon|0.1765190071539604
spoiled|0.1765190071539604
frivolous|0.1765190071539604
dime|0.1765190071539604
prejudice|0.17618464493620067
neck|0.17618464493620067
martin|0.17618464493620067
luther|0.17618464493620067
pleasure|0.17618464493620067
channels|0.17618464493620067
mature|0.17618464493620067
beautiful|0.17618464493620067
mound|0.17618464493620067
guise|0.17618464493620067
betray|0.17618464493620067
deride|0.17618464493620067
haunted|0.17618464493620067
defection|0.17618464493620067
bone|0.17618464493620067
deneen|0.17618464493620067
haunt|0.17618464493620067
thugs|0.17580461449905332
armed|0.17522215015398193
savages|0.17496397372204606
handed|0.17460638673840906
identifies|0.1723231185902969
succeed|0.172199496312539
terrorist|0.1713818036630226
instructions|0.1710160944779045
encourages|0.1710160944779045
behave|0.1710160944779045
maniacs|0.1710160944779045
olympic|0.1708809555611543
beg|0.16966415474874635
confusions|0.16964458855038098
abuse|0.1680644295384744
rationale|0.16530030033279572
law-abiding|0.16272853038464422
sermon|0.16026274308605576
companies|0.15982172537761824
moochelle|0.15787085040388824
receive|0.15748085834824763
truth|0.15724863000168543
compassion|0.15687963015587586
attempted|0.15645040689427042
sexual|0.15342930591372272
ones|0.15269475863660273
sanctimony|0.15196657813901088
counter|0.15172852928770533
perversions|0.15142934259896165
line|0.1464718675054368
badly|0.14554384435111956
openly|0.14515870958927798
shooting|0.14515870958927798
arizona|0.1450441611655493
county|0.1450441611655493
flooded|0.1450441611655493
hack|0.1450441611655493
maricopa|0.1450441611655493
arpaio|0.1450441611655493
jeh|0.1450441611655493
quota|0.1449022572616115
self-concepts|0.14451687237154565
counselling|0.14451687237154565
essential|0.14451687237154565
accentuated|0.14451687237154565
internal|0.14451687237154565
imparted|0.14451687237154565
modifying|0.14451687237154565
symbiosis|0.14451687237154565
inward|0.14451687237154565
concepts|0.14451687237154565
structure|0.14451687237154565
recitation|0.14451687237154565
redirect|0.14451687237154565
beliefs|0.14451687237154565
explanation|0.14451687237154565
acclimate|0.14451687237154565
scripture|0.14451687237154565
purposed|0.14451687237154565
erroneous|0.14451687237154565
immense|0.14451687237154565
objective|0.14451687237154565
platitudes|0.14451687237154565
simplistic|0.14451687237154565
demeaning|0.14451687237154565
patience|0.14451687237154565
patterns|0.14451687237154565
perceptions|0.14451687237154565
alleviated|0.14451687237154565
taking|0.14447783945977138
neighborhoods|0.14262818830263072
neighborhood|0.14222641272295689
occupied|0.14222641272295689
karvictho|0.14222641272295689
btw|0.14222641272295689
eaten|0.14222641272295689
emotionally|0.1400300190577486
thought-out|0.1400300190577486
straight|0.1400300190577486
spewed|0.1400300190577486
crystal|0.1400300190577486
intolerant|0.1400300190577486
shallow|0.1400300190577486
pretense|0.1400300190577486
selection|0.1400300190577486
islam|0.13993691176821307
rapes|0.13788363881103466
clue|0.13773048819763317
brown|0.1370819239641694
news|0.13532877888488293
monica|0.13391549658711005
visible|0.13319273861934433
women.gee|0.13253839770018908
value|0.12972182925252704
demokkkrat|0.12965726858462379
nowadays|0.1292423389427227
chosen|0.1292423389427227
enlist|0.1292423389427227
defending|0.1292423389427227
grand|0.12831759325607567
desired|0.12644044107308777
legislation|0.12644044107308777
short|0.12644044107308777
ethnic|0.12644044107308777
code|0.12644044107308777
stated|0.12644044107308777
applied|0.12644044107308777
status|0.12644044107308777
socialism|0.12644044107308777
distinguish|0.12488258956388601
conceive|0.12442767099485286
prayer|0.12436694817304987
phenomena|0.12265671108368917
i.e|0.12265671108368917
distorts|0.12265671108368917
indicate|0.12265671108368917
ebt|0.12177711522599502
various|0.1212975209519937
weapons|0.12097362933184748
charged|0.1201031987706052
blatant|0.11979636348765842
legitimate|0.11979636348765842
policies|0.11979636348765842
incorrect|0.11979636348765842
includes|0.11979636348765842
blm|0.118564650990707
africa|0.11841270249009839
clothing|0.11767933810264027
filled|0.11767933810264027
taxpayer|0.11767933810264027
hungry|0.11767933810264027
self-centeredness|0.11603133269378756
man|0.11487494422412892
boxes|0.11462667526191535
jeered|0.11429198607380198
silent|0.11429198607380198
dallas|0.11429198607380198
fraternal|0.11429198607380198
convention|0.11429198607380198
audience|0.11429198607380198
blacklivesmatter|0.11429198607380198
protesters|0.11429198607380198
protesting|0.11429198607380198
injustices|0.11429198607380198
anti-gay|0.11237467303010092
abortion|0.11056552847920172
cicero|0.11048084136586889
helpless|0.1088690321919585
hostile|0.1088690321919585
damage|0.1088690321919585
raising|0.1088690321919585
active|0.1088690321919585
assaults|0.1088690321919585
aggressive|0.1088690321919585
celebrated|0.1088690321919585
tremendous|0.1088690321919585
spending|0.10762468519533688
chance|0.10762468519533688
milk|0.10745266708921414
understanding|0.10425282635885624
self-proclaimed|0.10290581999684567
language|0.10220860914689198
discriminate|0.10211843186145923
sheriff|0.10058881856964007
mejia|0.10017637848346185
eswin|0.10017637848346184
victor|0.10017637848346184
ramirez|0.10017637848346184
bludgeoned|0.10017637848346184
angeles|0.10017637848346184
aureliano|0.10017637848346184
bail|0.10017637848346184
priority|0.10017637848346184
disinterest|0.10017637848346184
root|0.10017637848346184
neb.|0.10017637848346184
combination|0.10017637848346184
resulted|0.10017637848346184
unaccompanied|0.10017637848346184
vaughan|0.10017637848346184
racing|0.10017637848346184
vacant|0.10017637848346184
arrested|0.10017637848346184
marilyn|0.10017637848346184
los|0.10017637848346184
minor|0.10017637848346184
martinez|0.10017637848346184
grant|0.10017637848346184
citizenship|0.10017637848346184
11.6|0.10017637848346184
claw|0.10017637848346184
instance|0.10017637848346184
offenses|0.10017637848346184
slammed|0.10017637848346184
6.6|0.10017637848346184
ice.|0.10017637848346184
sanchez|0.10017637848346184
sarah|0.10017637848346184
josue|0.10017637848346184
64-year-old|0.10017637848346184
scandal|0.10017637848346184
detectives|0.10017637848346184
detainer|0.10017637848346184
air|0.10017637848346184
omaha|0.10017637848346184
brutally|0.10017637848346184
honduran|0.10017637848346184
homeless|0.10017637848346184
disappeared|0.10017637848346184
allegedly|0.10017637848346184
johnny|0.10017637848346184
brushes|0.10017637848346184
pharis|0.10017637848346184
non|0.10014385291359136
…|0.10014385291359136
landscaping|0.10014385291359136
colors|0.10014385291359136
open|0.09982722764956489
women|0.09914416467520402
prior|0.09846022594961189
persons|0.09634458158103043
lasting|0.09598317051925026
changes|0.09598317051925026
resulting|0.09598317051925026
healing|0.09598317051925026
major|0.09589954034054504
condition|0.0957730768089415
officers|0.09502164444390694
sessions|0.09483157480864518
scotus|0.09483033080481583
needed|0.09483033080481583
standing|0.09483033080481583
stories|0.09481760848197125
dad|0.09481760848197125
fall|0.09481760848197125
third|0.09481760848197125
hood|0.09481760848197125
lewinski|0.0943938959148933
unemployment|0.0941556177326488
ended|0.09386053625185568
evidently|0.09323950885763621
stamps|0.09286170667511073
felons|0.09232737560827989
successful|0.09224973016743161
fire|0.09039749098712212
utter|0.08984727261574381
thus|0.08984727261574381
facts|0.08984727261574381
attention|0.08984727261574381
putting|0.08984727261574381
religious|0.08926228923319598
days|0.089142452960122
stood|0.0882595035769802
feed|0.0882595035769802
limited|0.0882595035769802
soda|0.0882595035769802
pocket|0.08809232246810034
embrace|0.08809232246810034
poverty|0.08809232246810034
king|0.08809232246810034
sisters|0.08809232246810034
dreams|0.08809232246810034
obama-|0.08759701730782307
along|0.0873063659318015
overide|0.08673161514206384
closely|0.08616155929514845
loyal|0.08616155929514845
tells|0.08616155929514845
–|0.08616155929514845
proven|0.08550804723895225
moment|0.08550804723895225
threatening|0.08550804723895225
repeated|0.08550804723895225
weapon|0.08550804723895225
accountable|0.08550804723895225
violently|0.0840322147692372
qualify|0.08327539593601266
self|0.08325628942759995
multiple|0.082801289863778
minorities|0.08192224019399313
minority|0.08151701523858418
monkey|0.08034653118492156
subject|0.07945818974261802
lack|0.0781174329020505
cards|0.0779836016836227
levels|0.07772236238723376
company|0.07711836019267747
grow|0.0767729117303524
uss|0.07617216155449734
education|0.07586426464385267
correct|0.07586426464385267
response|0.07586426464385267
washington|0.07586426464385267
psychology|0.07571467129948083
wait|0.07483776150195792
wanted|0.07434244770836548
employment|0.07386888339333605
raped|0.07385485293273096
acceptable|0.07257935479463899
found|0.07257935479463899
riot|0.07257935479463899
abuses|0.07257935479463899
mistake|0.07257935479463899
ways|0.07257935479463899
often|0.0725693579527765
weed|0.07252208058277465
johnson|0.07252208058277465
joe|0.07252208058277465
spout|0.07252208058277465
funding|0.07252208058277465
rather|0.07230441879310139
depression|0.07225843618577282
choose|0.07225843618577282
spiritual|0.07225843618577282
counseling|0.07225843618577282
easily|0.07225843618577282
helping|0.07225843618577282
influence|0.07225843618577282
initial|0.07225843618577282
defend|0.07191491114885781
belief|0.07187781809259505
realize|0.07174979013022459
genetics|0.07174979013022459
black|0.07146932380434788
police|0.07137446393053566
boats|0.0711911793175332
mom|0.07111320636147844
watching|0.07111320636147844
kid|0.07111320636147844
gone|0.07111320636147844
loon|0.07107373973761488
pull|0.07090679447922184
honest|0.07047385797448028
ice|0.07018298007038618
senseless|0.0700150095288743
spiteful|0.0700150095288743
pretending|0.0700150095288743
mentally|0.0700150095288743
hating|0.0700150095288743
courage|0.0700150095288743
color|0.06896751331259333
mamma|0.06886949011914137
evil|0.06886368593523777
chimp|0.06840699280945246
man/girl|0.06793166722173469
convicted|0.06722983791338136
ideas|0.06701670166783291
asked|0.06690360594807002
digging|0.06676256860906091
goes|0.06676256860906091
gas|0.06676256860906091
educational|0.06676256860906091
temp|0.06676256860906091
ferry|0.0664413283078115
harm|0.06630064811760997
olives|0.06556992236704914
3|0.06547821188024863
100|0.06537374772626021
light|0.06533132792015699
helped|0.06527816030412426
awareness|0.06523997671973374
outside|0.06503259256719554
list|0.0647449132559118
disney|0.06473145949911085
permanent|0.06398878034616684
done|0.06384240626777218
2|0.06379846037368864
perfect|0.06374778075166523
friends|0.06322022053654389
dry|0.06245763235936288
gladly|0.06224027147044888
held|0.062162344260121176
supporters|0.06187252377023265
freebies|0.061608924711610766
experience|0.061554163336586004
generically|0.061328355541844584
form|0.061328355541844584
11|0.06102008594575015
crazy|0.06102008594575015
obimbo|0.06102008594575015
em|0.06102008594575015
wednesday|0.06102008594575015
indiana|0.06102008594575015
slave|0.06100558686593784
five|0.06016384749566301
ya|0.06009019662730869
usually|0.05989818174382921
medicine|0.05989818174382921
sharia|0.05936648511768299
refer|0.058918894852663696
card|0.05883966905132013
wearing|0.05883966905132013
decent|0.0587895867335049
selling|0.05872821497873356
advantage|0.05872821497873356
though|0.05845786230328687
allah|0.058172762722760896
-cash|0.058172762722760896
canidate|0.058172762722760896
riots|0.058172762722760896
manchurian|0.058172762722760896
accordingly|0.058172762722760896
dirty|0.058172762722760896
99|0.058172762722760896
pledge|0.058172762722760896
detonates|0.058172762722760896
flow|0.058172762722760896
arrived|0.05811471651395468
vote|0.05790108047936107
whites|0.05786811230842881
immigrant|0.05756615302207883
physical|0.05737305567448205
job|0.05718279673783408
gun|0.05714599303690099
randomly|0.05714599303690099
latino|0.05714599303690099
endorsement|0.05714599303690099
dnc|0.05714599303690099
accepted|0.057005364825968165
requires|0.057005364825968165
actions|0.057005364825968165
situation|0.057005364825968165
perversion|0.056951923206313884
pants|0.056890565089182756
area|0.056890565089182756
nature|0.05676540264981872
months|0.056446975362064944
possible|0.056438007834445816
core|0.05571912450656085
local|0.05568853068452423
feel|0.055535905571290005
intoxicated|0.055405204511756234
bring|0.05539345626039765
hardest|0.054981065109918015
iraqi|0.054981065109918015
algerian|0.054981065109918015
symbol|0.054918603245176764
young|0.054466349300286175
attacks|0.05443451609597925
blacks|0.05433552075411272
deep|0.05425764995680051
check|0.054188760459894764
apply|0.054188760459894764
everywhere|0.054188760459894764
event|0.05381234259766844
confusion|0.05320680702594198
previous|0.053176160613464245
simply|0.05286044585757512
forms|0.05281111569485788
person|0.052678463964775074
enforcement|0.052029579265864455
could|0.05194399355136812
gen|0.05176780813358535
african|0.05169693557708907
groups|0.05169693557708907
attorney|0.05169693557708907
blame|0.05167400326176529
case|0.05138977383230305
science|0.051341298637567895
speak|0.051341298637567895
minds|0.051341298637567895
course|0.05112212972595077
least|0.05087970875365072
current|0.050434002043988686
natural|0.05040949576527979
swipe|0.05033047147741334
uncivilized|0.0501781636211692
couple|0.05015279470901897
crash|0.05008818924173092
car|0.05008818924173092
15|0.05008818924173092
so-called|0.05008818924173092
drag|0.05008818924173092
january|0.05008818924173092
hammer|0.05008818924173092
july|0.05008818924173092
21|0.05008818924173092
24|0.05008818924173092
29|0.05008818924173092
six|0.05008818924173092
intended|0.05007192645679568
40|0.05007192645679568
cant|0.05007192645679568
veteran|0.049753171480275825
instead|0.04970769602692027
consider|0.049647828897808444
explain|0.04898227974591514
drop|0.04884686809327369
media|0.04853435127482721
saving|0.04834805372184977
agency|0.04834805372184977
interesting|0.04834805372184977
stopped|0.04834805372184977
assault|0.04817384002376683
error|0.048172290790515215
process|0.04799158525962513
seek|0.04769272392060526
normally|0.047449468666954875
although|0.047449468666954875
sourced|0.047449468666954875
ethical|0.047449468666954875
seldom|0.047449468666954875
dynamically|0.047449468666954875
versed|0.047449468666954875
depressive|0.047449468666954875
categorizes|0.047449468666954875
sheltering|0.047449468666954875
coercion|0.047449468666954875
harmony|0.047449468666954875
concerns.transgenderism|0.047449468666954875
psychologists|0.047449468666954875
volition|0.047449468666954875
accommodating|0.047449468666954875
answers|0.047449468666954875
remedies|0.047449468666954875
misconception|0.047449468666954875
generally|0.047449468666954875
speaking|0.047449468666954875
secular|0.047449468666954875
counselors|0.047449468666954875
6|0.047415165402407915
boy|0.047408804240985626
bother|0.047408804240985626
consequences|0.047399694304074334
americans|0.04720858417181572
level|0.04693512206828113
night|0.046704668869062826
unfortunate|0.04667667301924953
influential|0.04667667301924953
amount|0.04667667301924953
since|0.04633051755060864
god|0.04603183897737033
gotten|0.04590468850801521
used|0.0458313885355671
central|0.045708212093566715
officer|0.04567441898479352
propaganda|0.04560429186077453
society|0.04526511792089968
desire|0.045146277245744715
attends|0.045146277245744715
created|0.04507613812135002
question|0.044923636307871904
simple|0.044923636307871904
thinking/acting|0.0446542614104839
acting|0.04454545184695706
buy|0.0441297517884901
dare|0.04404616123405017
brothers|0.04404616123405017
behind|0.044034140916501346
clear|0.04378112169023963
numerous|0.043547612876783395
inherently|0.043511129683519785
effects|0.043511129683519785
finish|0.04336580757103192
ago|0.04332422315756817
told|0.04328295052518768
feminism|0.043264225720284634
easy|0.04304987407813475
obama|0.04297943430856692
harmful|0.04252654493766101
francisco|0.04247449702287895
taken|0.04214681369102926
hot|0.04199648701702091
pedophile|0.041743536472153606
knee|0.041503093444323805
next|0.041485884291573565
jobs|0.04142369052165616
order|0.04140399249559132
certain|0.041209933221427734
paint|0.041169973630727115
suspect|0.04088557036122972
discussion|0.04088557036122972
democrats|0.04063645687538673
blah|0.04063611792084482
able|0.04040800498310793
charge|0.04019872025329555
invited|0.04018748793930867
received|0.04005754116543654
’|0.03996924742986286
inner|0.039902634950909226
criminal|0.03957435949406374
population|0.03953743777637108
lie|0.039465252571824115
concerned|0.03921967606141327
farther|0.039204472049640504
guard|0.039204472049640504
development|0.039204472049640504
bears|0.039204472049640504
desirable|0.039204472049640504
habitat|0.039204472049640504
protects|0.039204472049640504
safer|0.039204472049640504
mans|0.039204472049640504
barriers|0.039204472049640504
convinced|0.039204472049640504
tourism|0.039204472049640504
bear|0.039204472049640504
rockies|0.039204472049640504
everglades|0.039204472049640504
re-locate|0.039204472049640504
serial|0.039204472049640504
re-located|0.039204472049640504
unawares|0.039204472049640504
creature|0.039204472049640504
creatures|0.039204472049640504
killers|0.039204472049640504
pet|0.039204472049640504
fl|0.039204472049640504
capture|0.03889829588737764
great|0.0388600162161696
lets|0.038494909869674396
move|0.03845763336980588
confused|0.038429241195412196
mrs.|0.038393972454925075
differently|0.0383932682077001
referring|0.0383932682077001
needs|0.03836952679645979
etc|0.03827345282149742
habit|0.03827086465057689
fallen|0.03809732869126733
attacking|0.03809732869126733
supporter|0.03809732869126733
refused|0.03809732869126733
burning|0.03809732869126733
destroy|0.03809732869126733
veteran-|0.03799011376519736
'no|0.037344618015539545
others|0.03730928345028269
mexicans|0.03728483728709449
serious|0.03693680300783749
sign|0.03692638255506362
attack|0.03692638255506362
pandering|0.03690646178760418
beef|0.036879994110192715
chops|0.036879994110192715
counties|0.036879994110192715
two-year-old|0.036879994110192715
claims|0.036879994110192715
casseroles|0.036879994110192715
steaks|0.036879994110192715
teacher|0.036879994110192715
dressed|0.036879994110192715
witness|0.036879994110192715
premium|0.036879994110192715
buggy|0.036879994110192715
pork|0.036879994110192715
birthday|0.036879994110192715
expensively|0.036879994110192715
roasts|0.036879994110192715
one-year|0.03665404340661201
became|0.036289677397319496
takes|0.03612921809288641
deal|0.03612921809288641
claim|0.035938909046297526
ability|0.035874895065112294
personal|0.035580534884190676
diversity|0.03551593897280405
look|0.03544967863833831
killed|0.03538492150903662
tried|0.035296134828522285
civil|0.0352633561634338
take|0.03524654472541705
sit|0.03523692898724014
believes|0.03510236002252277
poorly|0.03500750476443715
view|0.03500750476443715
ignorant|0.03500750476443715
went|0.034980190790823255
hillary|0.0349632152390342
fact|0.03493916085712923
oh|0.03493548150869353
put|0.034711256958323014
hands|0.034203218895580895
die|0.034203218895580895
refuse|0.034203218895580895
liebrals|0.034099728416995975
set|0.033392126161153945
cited|0.033392126161153945
removing|0.033392126161153945
learn|0.03283123481014254
group|0.03276470975100994
bad|0.032654719569445045
stop|0.032546924711389674
food|0.03241901792398111
immigrants|0.03229578343108439
flailing|0.0322939900920961
italia|0.0322939900920961
dressing|0.0322939900920961
suffered|0.0322939900920961
sudden|0.0322939900920961
equal|0.03174950422422563
property|0.0317008978390785
second|0.03160586949399042
gorilla|0.03160586949399042
complete|0.031499987741162944
understand|0.03130127183405086
intimidating|0.031113318219593438
deployed|0.031113318219593438
statement|0.031105437769130998
towards|0.031105437769130998
britannica.com/biography/harvey-milk|0.031087161591531298
without|0.030714612846448698
victim|0.030664177770922292
brain|0.030589383037276926
action|0.030574643928005584
roughly|0.030510042972875073
elsewhere|0.030510042972875073
depended|0.030510042972875073
entered|0.030510042972875073
greatness|0.030510042972875073
sought|0.030510042972875073
ill|0.030380768947830077
location|0.029631609207976906
2016|0.02959330376163629
united|0.029527969890869282
shame|0.02936410748936678
white|0.029260824470473203
congress|0.02916785756609065
runs|0.029086381361380448
bomb|0.029086381361380448
program|0.029030989126901455
appear|0.02900883223310986
worth|0.02890337447430913
source|0.02890337447430913
cities|0.02881512747103903
support|0.028672893378918377
equality|0.028612529403883244
service|0.028612529403883244
city|0.028572996518450494
citizen|0.028572996518450494
innocent|0.028502682412984082
parents|0.02845243063871871
go|0.028335209676972468
making|0.028235513999027566
many|0.02801706663965087
statements|0.028006003811549718
watch|0.027671261424473653
idea|0.027645314650998096
affirmative|0.02754396223852858
sometimes|0.027308195393107422
called|0.02722954068015421
large|0.027217258047989624
ask|0.02693745766932655
anything|0.02655085183923478
dangerous|0.026510847027459105
``|0.026411080804268048
seriously|0.026251765846035217
words|0.026226188820902385
works|0.026189547377825487
privilege|0.02614928959889545
gator|0.025859347767810344
help|0.025795454352735187
''|0.02574865881203641
discrimination|0.025670649318783947
lot|0.025670649318783947
selma|0.02556368930525174
pictures|0.02556368930525174
onto|0.02556368930525174
concede|0.02556368930525174
motion|0.02556368930525174
flinging|0.02556368930525174
exist|0.025413760571250076
listed|0.025288088214617557
traders|0.025264391387121977
tell|0.025176344530788743
body|0.02516923499088581
conservative|0.02516923499088581
opportunity|0.02516923499088581
heart|0.02516923499088581
merkel|0.02508042602285336
2015|0.02504409462086546
tragedy|0.02504409462086546
released|0.02504409462086546
worked|0.02503596322839784
scholarships|0.02503596322839784
better|0.024858417348631215
good|0.02476244553604
barracks.the|0.02465428678970738
guards|0.024639745238039044
wrong|0.02463768832085583
'm|0.024597559647497283
anti-white|0.024586238967334778
try|0.024398596385690453
times|0.02426668625000186
remove|0.024174026860924885
humanity|0.024086145395257608
thought|0.023984416184147962
true|0.023979733683878544
left|0.02396823940036714
win|0.023916596710074862
office|0.023834794744764208
sanctuary|0.023751209378978913
raise|0.023724734333477437
treat|0.023724734333477437
effective|0.023724734333477437
correction|0.023724734333477437
suicide|0.023724734333477437
cases|0.023724734333477437
country|0.023706459606045643
rufus|0.02366513637494806
looking|0.0236275686665567
child|0.023535867620528055
panthers|0.023319416772333613
gets|0.023278022681837356
protecting|0.023192942709049244
million|0.023118824788093448
know|0.022996742034710208
asian|0.022858397214760396
okay|0.022858397214760396
mexican|0.022854106046783357
born|0.022821768845085393
call|0.0227767300567907
way|0.022626255491745604
answer|0.022461818153935952
lady|0.02242982586815043
jews|0.0223508793669643
also|0.022224145207860726
must|0.022162732816581605
voters|0.022115012463370266
got|0.022102730636092405
believe|0.02204215891050048
race|0.022023080617025084
sentence|0.021992426043967207
suspended|0.021992426043967207
abetting|0.021992426043967207
human|0.021888518675677357
article|0.021773806438391698
spend|0.02168290378551596
racist|0.021649371738729536
working|0.021632821159976803
happen|0.021524937039067375
protect|0.021377011809738063
demand|0.021311159904898434
make|0.021190008141994798
paid|0.020850222795454603
suppose|0.02064526748164938
result|0.02064526748164938
knock-kneed|0.020450951444201393
conversations|0.020450951444201393
nominee|0.02034002864858338
walls|0.02034002864858338
contributions|0.02034002864858338
deport|0.02034002864858338
-young|0.020125564258733596
”|0.02012234796866123
hispanic|0.02003527569669237
mexico|0.02003527569669237
building|0.02003527569669237
american|0.01990912870664314
mind|0.019858251681316295
gender|0.0198113117402314
actually|0.019693753172523674
results|0.019681526485293168
require|0.019602236024820252
lions|0.01957210760302349
criminals|0.01952534362865526
right|0.019519828613315637
testing|0.019390920907586966
far|0.01907501960258883
rest|0.01899918221653102
conditions|0.01897978746678195
mental|0.01897978746678195
toward|0.018849568321854804
point|0.01881658731742522
considered|0.018701305300699893
defaulted|0.018527828230399973
declined|0.018527828230399973
december|0.018527828230399973
residential|0.018527828230399973
electrical|0.018527828230399973
partner|0.018439997055096358
bank|0.018439997055096358
people|0.018343779291641698
weakness|0.018256077498855883
genius|0.018256077498855883
giant|0.018256077498855883
tech|0.018256077498855883
grinder|0.018256077498855883
space|0.018256077498855883
thankful|0.018256077498855883
forethought|0.018256077498855883
flesh|0.018256077498855883
1501|0.018256077498855883
wisest|0.018256077498855883
beacon|0.018256077498855883
1500|0.018256077498855883
launches|0.018256077498855883
full|0.018243669225951956
enough|0.018212561008238894
attempt|0.018209569586710002
anyone|0.018092558741428892
first|0.018076104341616404
follow|0.0179758376400242
session|0.0177527290064019
sereve|0.0177527290064019
dirtier|0.0177527290064019
despotic|0.0177527290064019
obligated|0.0177527290064019
affected|0.0177527290064019
moves|0.0177527290064019
impeaching|0.0177527290064019
...|0.017722588398145726
time|0.01762140354674777
kind|0.01761846449362007
term|0.017551180011261384
moral|0.01752238729766988
act|0.017503752382218574
new|0.017393254728704666
freloaders|0.017218181403738743
longer|0.017145706775581266
living|0.017142520576522314
blackasses|0.017131425201346483
perhaps|0.017055162013715833
however|0.017010617975064403
join|0.01697685844238119
kneegrows|0.0169625520304973
trying|0.016917250803051696
use|0.016890069887787865
real|0.016871537721023906
star|0.01679962986134287
clearly|0.01678774132477232
us|0.016714395667516372
u.s.|0.016690917589239105
“|0.01667549632026331
either|0.016627874747973014
even|0.016468596764864004
areas|0.01614699504604805
existed|0.01614699504604805
silence|0.01614699504604805
christian|0.01614699504604805
secret|0.01614699504604805
unlike|0.01614699504604805
100+|0.016053054544447526
reduced|0.016053054544447526
0.3|0.016053054544447526
hug|0.016053054544447526
gadsen|0.016053054544447526
replace|0.016053054544447526
explorers|0.016053054544447526
million+|0.016053054544447526
granted|0.016053054544447526
continents|0.016053054544447526
slightly|0.016053054544447526
continent|0.016053054544447526
estimated|0.016053054544447526
strive|0.016053054544447526
15th|0.016053054544447526
ancestor|0.016053054544447526
1818|0.016053054544447526
atrocities|0.016053054544447526
1860|0.016053054544447526
dropping|0.016053054544447526
colonies|0.016053054544447526
several|0.015830058431930354
therapy|0.015816489555651625
spirit|0.015816489555651625
century|0.015722124254680322
brienne|0.01555889100641651
invented|0.015556659109796719
stand|0.015546917679809499
politicians|0.015546917679809499
old|0.015527122347410145
citizens|0.015500755125507599
issues|0.015354052767932483
force|0.015348439268558415
flowing|0.015260510913532177
debate|0.015255021486437537
streets|0.01523893147650693
suspected|0.015196546068631323
much|0.015163182003246524
children|0.01514204792358575
immigration|0.015131463890967334
argue|0.015048759081914906
improve|0.015048759081914906
physically|0.015048759081914906
yet|0.01501289984632565
pro|0.014759485695583052
day|0.014700170360117035
afford|0.014671688863699356
government|0.014639458618771839
existence|0.014604861999084706
contacting|0.014604861999084706
pirate|0.014604861999084706
change|0.014602222700758467
power|0.01450441611655493
pass|0.01450441611655493
cooperate|0.014458696914563696
according|0.0143643415560745
please|0.014286498259225247
racism|0.014091659761416613
steel|0.013990914005619633
mediamatters|0.013909929686547062
sounds|0.013745266277479504
mess|0.013657177190032501
laid|0.013654822750505315
mastersundholm|0.013568302879021235
comes|0.013506905336192412
nothing|0.013505464752340204
made|0.013395237382718141
expressions|0.013275934303052673
n't|0.013245082765767541
thinking|0.013137897488322331
neighbors|0.013068157349880169
destroys|0.013068157349880169
number|0.013045104158736866
illegally|0.012882072474872
discussions|0.01278184465262587
acknowledge|0.01278184465262587
daily|0.01278184465262587
baltimore|0.01278184465262587
ferguson|0.01278184465262587
insists|0.01278184465262587
stain|0.01278184465262587
●|0.01263625311676376
musiims|0.012510555060711725
volumes|0.01250861800122749
plan|0.012370969544534738
back|0.012333332920915348
work|0.012312079746672972
ground|0.012293331370064239
buying|0.012293331370064239
including|0.01220401718915003
upon|0.012191914915797141
federal|0.01217478022889456
et|0.012170718332570588
another|0.012092929813846092
control|0.012087013430462442
majority|0.011862367166738719
cause|0.011862367166738719
live|0.011797008309244647
need|0.011753091983104667
brobama|0.011678133377821615
wrongs|0.011678133377821615
hasent|0.011678133377821615
would|0.011671613227497737
barry|0.011649839699774223
desperately|0.011648797606696714
like|0.011631248896285966
remember|0.011628613860307283
one|0.011611641325375155
empathize|0.011578422216459527
states|0.011531815897746595
national|0.011430915253519417
eastern|0.011415067308491985
flying|0.01138635580903317
israel|0.011385273635153282
alligators|0.011374679782778861
pay|0.01136041573072014
come|0.011357854711046743
house|0.01135256549075719
say|0.011288421107152082
willing|0.011286569311436179
seems|0.011284351198647069
tact|0.011244457686895044
male|0.011202401524619886
bill|0.01119444961024078
death|0.011130708720384649
crime|0.011130708720384649
families|0.011116339683810225
invaded|0.011062825442184676
month|0.011022879383912929
lives|0.010982729046111967
home|0.010979047773383141
constant|0.010953646499313529
princeton|0.010927852402921878
generous|0.010927852402921878
initiative|0.010927852402921878
150,000|0.010927852402921878
6,600|0.010927852402921878
0-10|0.010927852402921878
website|0.010927852402921878
loan|0.010927852402921878
middle-income|0.010927852402921878
indebtedness|0.010927852402921878
program—bolstered|0.010927852402921878
assets|0.010927852402921878
seniors|0.010927852402921878
affordability—aims|0.010927852402921878
proportionately|0.010927852402921878
moderators|0.010927852402921878
low-|0.010927852402921878
65,000|0.010927852402921878
seeks|0.010927852402921878
fortunate|0.010927852402921878
accessible|0.010927852402921878
censored|0.010927852402921878
impede|0.010927852402921878
said|0.01089123841786189
become|0.01077429855236681
moving|0.010764663364032034
kept|0.010764663364032034
morality|0.010650790654488191
bro|0.010634030540050632
cups|0.010634030540050632
ascertain|0.010634030540050632
promptly|0.010634030540050632
pd|0.010634030540050632
honduras|0.010634030540050632
24/7|0.010634030540050632
interpreter|0.010634030540050632
request|0.010634030540050632
everyone|0.01062276437090163
law|0.010550612819451076
apes|0.010496669028062788
fix|0.010390180552163815
feminist|0.010348384410581177
name|0.010251927654574685
's|0.010150750686903121
around|0.010057104412051123
aliens|0.010017637848346184
three|0.010017637848346184
want|0.009976330345596208
animal|0.009801118012410126
caught|0.009801118012410126
search|0.009801118012410126
rights|0.009790617767226386
long|0.009775128579623822
denied|0.009720619590150201
using|0.009706808355096646
identify|0.009528487620735831
shot|0.009524332172816832
place|0.009524332172816832
common|0.009489893733390976
resident|0.009402667739381521
money|0.0093590711765435
makes|0.009326932193420503
bringing|0.009307642035641743
social|0.009273135151621295
32,000|0.009263914115199987
pennsylvania|0.009263914115199987
bills|0.009263914115199987
87,000|0.009263914115199987
s.|0.009263914115199987
businesses|0.009219998527548179
temporary|0.009219998527548179
ridiculous|0.009219998527548179
political|0.009146918618366404
free|0.009145253029711557
led|0.009128038749427941
meat|0.009128038749427941
radio|0.009128038749427941
waves|0.009128038749427941
descendants|0.009128038749427941
every|0.00906497729757454
planning|0.009029255449148944
20|0.009015898024139265
admitted|0.008993635649123135
saying|0.00890074355513174
dirt|0.00887636450320095
get|0.008850553630052523
given|0.008796970417586883
'd|0.008774224429695096
borrowed|0.008742281922337503
sense|0.008724746589885443
build|0.008717155135107164
ladies|0.008673516616414275
matter|0.008641217005203344
bet|0.008609919997375466
12|0.008521229768417246
recognize|0.008521229768417246
spanish|0.008507224432040505
invaders|0.008474525489950823
exactly|0.008218551840201371
republican|0.008217147590731947
husband|0.008158340004661905
indian|0.008098314148422497
politics|0.008073497523024026
knew|0.008073497523024026
felt|0.008073497523024026
america|0.008047384341417316
april|0.008026527272223763
300,000|0.008026527272223763
offensive|0.008026527272223763
offended|0.008026527272223763
1900|0.008026527272223763
cry|0.008026527272223763
dress|0.007912660024806594
somehow|0.007908244777825812
cincyman|0.007850445163612284
gators|0.007845427908474515
owners|0.007817577857467855
party|0.007805460426930558
defense|0.007779369762720896
let|0.007778592373406422
....|0.007768433301365986
hates|0.007716592427301333
see|0.007646576392829261
sure|0.007564932763698989
employed|0.007375998822038543
trade|0.007375998822038543
lol|0.007368894126064997
individual|0.007297165133734594
admission|0.007285234935281252
drug|0.007271595340345112
world|0.007252208058277465
later|0.0071607241279954105
wants|0.007155455605961559
lost|0.0071432491296126235
u|0.007093773190292549
ever|0.0070806987672453435
conservatives|0.007015352237766428
board|0.006934974159679352
front|0.006902204074360897
middle|0.006880679326281153
harvard|0.006829907751826174
treatment|0.006778495523850696
10|0.006745226736842351
kate|0.006667018539324565
men|0.006649954347355558
correctly|0.0065877941349968385
incomes|0.006556711441753127
eat|0.006534078674940084
stripes|0.006528284025671581
something|0.006506843252245337
obviously|0.006458798018419221
hear|0.006449468177963531
native|0.006421221817779011
someone|0.006398630087809321
private|0.006390922326312935
everything|0.006366173536232713
think|0.006331727543328316
described|0.006281923600604783
years|0.006275827399156762
beverage|0.006270477744124037
invite|0.006270477744124037
chat|0.006270477744124037
knock|0.006270477744124037
arrive|0.006270477744124037
hilary|0.0062598562927831045
grubers|0.006253669084296798
yes|0.006241818112622427
standard|0.006222663643918688
previously|0.006175942743466657
member|0.006175942743466657
low|0.0061466656850321195
may|0.006129683949098927
smart|0.006085359166285294
expel|0.006034825317669856
send|0.00602943155601263
away|0.005991553529143507
truly|0.005931183583369359
suggest|0.0059175763354673006
feels|0.0059175763354673006
cleo|0.005839066688910807
pick|0.005832371754090121
liberals|0.005830978127421041
sb|0.005812172095634134
worse|0.0057874805378861065
sad|0.005776929381106358
thing|0.005657062496966464
parent|0.0056006388642343575
protected|0.0056006388642343575
stars|0.005595672022004212
less|0.005581891027988836
well|0.005484752601100015
principles|0.005463926201460939
chances|0.005463926201460939
entirely|0.005463926201460939
contribute|0.005463926201460939
need-blind|0.005463926201460939
significant|0.005463926201460939
increase|0.005463926201460939
graduate|0.005463926201460939
merit|0.005463926201460939
average|0.005463926201460939
genealogies|0.005460775479792512
ephesus|0.005460775479792512
advancing|0.005460775479792512
descended|0.005460775479792512
promote|0.005460775479792512
command|0.005460775479792512
seed|0.005460775479792512
children…|0.005460775479792512
endless|0.005460775479792512
abraham|0.005460775479792512
urged|0.005460775479792512
speculations|0.005460775479792512
devote|0.005460775479792512
chop|0.005447632372227185
21-year-old|0.005391877516950916
26-year-old|0.005391877516950916
agree|0.005385769963759561
bathrooms|0.005382331682016017
tread|0.005351018181482509
13|0.005351018181482509
prefer|0.005351018181482509
natives|0.005351018181482509
added|0.005351018181482509
original|0.005351018181482509
twice|0.005317015270025316
loose|0.005317015270025316
auto|0.005317015270025316
highly|0.005317015270025316
two|0.005310270359841638
always|0.00530074192349947
door|0.00501638219529923
liberal|0.004828621346818917
slaves|0.004721158772666519
keep|0.004637260353728582
side|0.004631957057599993
lived|0.004613427156013729
asians|0.004606929600394993
4|0.0045865870126992935
beings|0.004564019374713971
state|0.004561981861880409
jesus|0.00451502168550097
immoral|0.004438182251600475
rule|0.004438182251600475
serving|0.004438182251600475
hope|0.00442004227296126
circumstances|0.004371140961168751
total|0.004371140961168751
public|0.004370985141167405
macedonia|0.00436862038383401
doctrines|0.00436862038383401
guests|0.004180318496082691
otherwise|0.004133050995754002
pittsburg|0.004064018627552757
changed|0.0040132636361118815
passed|0.0040132636361118815
really|0.003995309245938902
part|0.0039707041898600455
bars|0.003916970415402949
carpenoctem|0.003892711125940538
england|0.003892711125940538
eyes|0.003892711125940538
boat|0.0038340492016694667
palestinians|0.0037481525622983475
normal|0.0036885126301641315
gays|0.0036651443850756224
republicans|0.003651955615035963
earth|0.0036512154997711765
financial|0.003642617467640626
posts|0.003642617467640626
graduation|0.003642617467640626
expected|0.003642617467640626
hate|0.0036085717832431406
senate|0.00355054580128038
top|0.00355054580128038
calls|0.003544676846683544
sober|0.003544676846683544
1970|0.0035383330370385934
tribes|0.0035373182111068102
civilian|0.0035317975325672157
hiroshima|0.0035317975325672157
targets|0.0035317975325672157
nagasaki|0.0035317975325672157
atomic|0.0035317975325672157
bloodshed|0.0035317975325672157
centers|0.0035317975325672157
germ|0.0035317975325672157
bombing|0.0035317975325672157
saintly|0.0035317975325672157
industrial|0.0035317975325672157
excess|0.0035317975325672157
fiery|0.0035317975325672157
deliberate|0.0035317975325672157
holocaust|0.0035317975325672157
japan|0.0035317975325672157
morals|0.0035240920920414642
system|0.003472790557364978
president|0.0034367465491726445
aid|0.0032783557208765635
beginning|0.0032293990092096105
says|0.003211583470828955
today|0.0031954611631564676
ship|0.0031876535232285078
insist|0.0031352388720620183
200|0.0031352388720620183
settled|0.0031352388720620183
damaged|0.0031352388720620183
brings|0.0030893431787101687
wedlock|0.0030413624360559055
apparently|0.0029587881677336503
transgender|0.0029358172810996456
paternity|0.0029168868580546235
high|0.0027997658011347276
cons|0.00276799299612779
dummycrap|0.002748655669214439
key|0.0027319631007304696
controversial|0.002730387739896256
myths|0.002730387739896256
counted|0.002730387739896256
a…|0.002728779591715913
entire|0.0026755090907412543
honor|0.0026755090907412543
pretty|0.0026726198140947953
rob|0.0026689678501381543
volunteer|0.002658507635012658
amazing|0.002658507635012658
ur|0.002627845178057098
constitution|0.002612610205468352
problem|0.0025723696373887413
history|0.0025496750999669873
calling|0.0025361041437717002
care|0.0023583002028201737
christians|0.0023356266755643227
took|0.0023159785287999966
bathroom|0.0023067135780068643
actual|0.0022932935063496467
family|0.0022909425934758217
gov't|0.0022852970145478962
oblunder|0.0022852970145478962
speech|0.0022545626975487786
ncs|0.0022221530735025475
meaning|0.0021855704805843756
flag|0.0021832343014953084
never|0.002162655773967786
coffee|0.002126806108010126
caused|0.002126806108010126
last|0.0021188604277661547
thee|0.0021064031623708236
rhetorical|0.0021064031623708236
garbage|0.0020901592480413456
broke|0.0020901592480413456
wife|0.0020586475811555528
worst|0.0020586475811555528
..|0.0020284247901925525
trump|0.002014508441396226
anyway|0.0020066318180559407
welfare|0.002005957335267617
end|0.0019664376388655183
serve|0.0019333388011066811
income|0.0019304193363244072
european|0.0019263665453337032
debt|0.001821308733820313
beyond|0.001792693292232054
dont|0.001786762595513371
beside|0.0017658987662836079
displayed|0.0017658987662836079
larry|0.0017569989028857953
dems|0.0017275986001481225
based|0.0016812080619879812
donald|0.0016683047682602306
yeah|0.0016596434089868985
sick|0.0016138844551274456
love|0.0016053054544447527
surely|0.001575758014515427
treated|0.0015676194360310092
welcome|0.0015676194360310092
breaking|0.0015676194360310092
going|0.0015666073346569979
harms|0.0015409792619305806
accident|0.0015191472200072331
turn|0.0015191472200072331
deported|0.0015191472200072331
freedom|0.0015132897640757065
woman|0.0014751997644077085
ms|0.0014380153866495604
guilt|0.0013998282719607938
im|0.0013685134957988287
looks|0.0013659815503652348
show|0.0013655945389539925
false|0.001365193869948128
promise|0.001365193869948128
pig|0.001309786669636087
colleges|0.0012434975055879238
responsible|0.0012425062181602047
already|0.001217318538345321
student|0.0012142058225468753
continue|0.0012142058225468753
tipped|0.0012090693529937635
slavery|0.0011796816911994273
retired|0.001177265844189072
placed|0.001177265844189072
wiped|0.001177265844189072
reality|0.0011723547133103236
names|0.001163101611652996
confederate|0.0011378328573038471
maybe|0.0011287231421476202
school|0.0011095455629001189
nation|0.0011095455629001189
clinton|0.0011095455629001189
policy|0.0010927852402921878
faith|0.0010921550959585025
word|0.0010921550959585025
......|0.0010797752197896663
naval|0.0010726820946057563
--|0.001071181803600883
kids|0.001061648488892874
find|0.0009751488542315775
getting|0.0009751488542315775
probably|0.0009731777814851345
mean|0.0009652432722822858
students|0.000950248035036685
german|0.0009442998521495418
benefits|0.0009408662448803874
year|0.0009263914115199987
almost|0.0008829493831418039
ca|0.0008780950978617313
stay|0.000873724076766802
perceived|0.0008625843254662952
land|0.0008309083341880293
nice|0.0007838097180155046
offer|0.0007838097180155046
neither|0.0007801107828275018
else|0.0007410921880588826
circumvents|0.0007237005394647277
'll|0.0007140051299666334
wage|0.0007063595065134431
depends|0.0006783647091693767
us.|0.0006500856273120193
expect|0.0006270477744124037
still|0.0006175942743466658
teach|0.0006067528310880569
failed|0.0006067528310880569
ok|0.0005700434312840033
denial|0.0005575758238147506
silver|0.0005266007905927059
record|0.0005045425046524594
germany|0.0005045425046524594
thousands|0.00044147469157090197
forced|0.0003972052191581524
laws|0.0003820573749566944
've|0.0003688516320072963
isis|0.00034744332815742746
things|0.000341298467487032
violence|0.0003133759018604206
life|0.00031125264777013677
honorable|0.00024775785135552344
pedophiles|0.00023896106734917885
michelle|0.00017277860558033707
little|9.15827461900358e-05
hispanics|8.551524589416124e-05
different|7.272728136714139e-05
give|6.794848910873624e-05
're|2.7878791190737532e-05
mad|1.5245385386345826e-05
regardless|0.0
activists|0.0
refuge|0.0
admin|0.0
refusing|0.0
regressives|0.0
nut|0.0
refugee|0.0
refugees|0.0
regarded|0.0
pays|0.0
pc|0.0
parenting|0.0
registered|0.0
administration|0.0
regarding|0.0
register|0.0
activities|0.0
activist|0.0
reach|0.0
refuted|0.0
region|0.0
paperwork|0.0
pe|0.0
reliable|0.0
administrator|0.0
relevancy|0.0
angry|0.0
peace|0.0
numbers|0.0
obama.|0.0
relevant|0.0
relief|0.0
ray|0.0
across|0.0
numb|0.0
religionhas|0.0
religions|0.0
nuke|0.0
acronym|0.0
opinion|0.0
rationalizations|0.0
releases|0.0
regular|0.0
angle|0.0
regulations|0.0
paralysed|0.0
rejected|0.0
refers|0.0
ands|0.0
papers|0.0
rdennisuk|0.0
related|0.0
rays|0.0
operation|0.0
relations|0.0
relative|0.0
relatives|0.0
relativism|0.0
paper|0.0
pantyhose|0.0
refresher|0.0
allows|0.0
acts|0.0
pathetically|0.0
recently|0.0
o'reilly|0.0
recipient|0.0
recipients|0.0
ny|0.0
ad|0.0
paths|0.0
opened|0.0
reckless|0.0
patient|0.0
anger|0.0
pathetic|0.0
path|0.0
recognition|0.0
past|0.0
passing|0.0
amendment|0.0
nx|0.0
receiving|0.0
address|0.0
alone|0.0
patrol|0.0
rear|0.0
reason-one|0.0
reasonable|0.0
patrolling|0.0
reasons|0.0
oath|0.0
paul|0.0
realizing|0.0
realized|0.0
receivers|0.0
rebel|0.0
patriotism|0.0
rebelling|0.0
recall|0.0
patriotic|0.0
patients|0.0
additional|0.0
add|0.0
recognized|0.0
recognizes|0.0
openness|0.0
participation|0.0
redecorate|0.0
redeemed|0.0
nutter|0.0
nuts|0.0
redefining|0.0
particular|0.0
rednecks|0.0
redskins|0.0
redundant|0.0
nwcs|0.0
reed|0.0
reason|0.0
participated|0.0
parroting|0.0
paying|0.0
operate|0.0
reached|0.0
reference|0.0
particularly|0.0
react|0.0
reacting|0.0
red|0.0
paycheck|0.0
payer|0.0
recommend|0.0
recommendations|0.0
reconnection|0.0
reagan|0.0
records|0.0
recovers|0.0
recreational|0.0
remain|0.0
nw|0.0
recruiting|0.0
ready|0.0
reading|0.0
addresses|0.0
payers|0.0
read|0.0
reelected|0.0
airplanes|0.0
remaining|0.0
opinions|0.0
accuracy|0.0
outdated|0.0
amado|0.0
nose|0.0
northern|0.0
north|0.0
resume|0.0
retail|0.0
retailers|0.0
retain|0.0
ankles|0.0
outage|0.0
return|0.0
returning|0.0
ought|0.0
returns|0.0
rev|0.0
amazes|0.0
osym|0.0
reveals|0.0
reverends|0.0
outlet|0.0
outlets|0.0
restroom|0.0
notes|0.0
oval|0.0
resistant|0.0
outstanding|0.0
option|0.0
outspoken|0.0
resolve|0.0
resort|0.0
altogether|0.0
respect|0.0
respected|0.0
restricting|0.0
outrun|0.0
respectful|0.0
accusations|0.0
accurate|0.0
outrage|0.0
responsibility|0.0
notebook|0.0
restaurants|0.0
restitution|0.0
reverse|0.0
orly|0.0
reversed|0.0
rival|0.0
accompanied|0.0
nons⁠ense|0.0
ordinance|0.0
rioters|0.0
rioting|0.0
accidents|0.0
rise|0.0
ordering|0.0
risk|0.0
ordered|0.0
rio|0.0
river|0.0
ambivalent|0.0
nonsensical|0.0
rivers|0.0
roads|0.0
orange|0.0
robert|0.0
rock|0.0
rocker|0.0
organization|0.0
ringo|0.0
reward|0.0
ridden|0.0
rewards|0.0
nope|0.0
rewrite|0.0
orlando|0.0
rich|0.0
origins|0.0
rid|0.0
riddance|0.0
options|0.0
originally|0.0
organizations|0.0
ridding|0.0
ride|0.0
accorded|0.0
origin|0.0
noooo|0.0
accomplished|0.0
organs|0.0
accomplice|0.0
organizer|0.0
resistance|0.0
ovens|0.0
residents|0.0
pacific|0.0
novelist56|0.0
packing|0.0
removed|0.0
novelist|0.0
nova|0.0
rent|0.0
packed|0.0
rental|0.0
package|0.0
p|0.0
remnants|0.0
altered|0.0
reparations|0.0
nov|0.0
repeat|0.0
animals|0.0
amen|0.0
opposed|0.0
achieving|0.0
repertoire|0.0
removal|0.0
peaceful|0.0
repetitive|0.0
pair|0.0
nowhere|0.0
opponent|0.0
remarks|0.0
palin|0.0
aclu|0.0
palestinkians|0.0
palestinkian|0.0
remedy|0.0
opporiturity|0.0
november|0.0
reminds|0.0
painted|0.0
remembering|0.0
alter|0.0
remembrance|0.0
opportunities|0.0
pages|0.0
reminded|0.0
reminder|0.0
page|0.0
repetition|0.0
owning|0.0
optimism|0.0
accuses|0.0
requirements|0.0
noticeably|0.0
accusing|0.0
requiring|0.0
amebas|0.0
research|0.0
alternative|0.0
overflowing|0.0
resemblance|0.0
overeign|0.0
overlords|0.0
notice|0.0
reside|0.0
resided|0.0
residence|0.0
overdue|0.0
overcome|0.0
oppress|0.0
overall|0.0
oppression|0.0
requirement|0.0
required|0.0
opposite|0.0
representing|0.0
replied|0.0
replies|0.0
report|0.0
achieve|0.0
ownership|0.0
reports|0.0
owned|0.0
reprehensible|0.0
represented|0.0
owed|0.0
overpaid|0.0
represents|0.0
reprinted|0.0
republic|0.0
owe|0.0
repulsive|0.0
reputation|0.0
overwhelming|0.0
overstaying|0.0
noticed|0.0
rational|0.0
rag|0.0
pearl|0.0
play|0.0
agencies|0.0
offspring|0.0
pity|0.0
occidental|0.0
prevalent|0.0
prevent|0.0
prevented|0.0
pitcher|0.0
occasions|0.0
prevents|0.0
age|0.0
price|0.0
anarchary|0.0
amtrak|0.0
pride|0.0
primary|0.0
primates|0.0
prime|0.0
obvious|0.0
alcohol|0.0
oiler|0.0
officials|0.0
official|0.0
places|0.0
presidential|0.0
occupies|0.0
presence|0.0
platoon|0.0
present|0.0
anchors|0.0
agents|0.0
preserves|0.0
presidency|0.0
alan|0.0
occupations|0.0
agenda|0.0
planes|0.0
press|0.0
pressed|0.0
pressures|0.0
presume|0.0
occupation|0.0
plainly|0.0
presumptive|0.0
placing|0.0
obummers|0.0
print|0.0
ag|0.0
piece|0.0
professional|0.0
professionals|0.0
professors|0.0
profile|0.0
profit|0.0
profiting|0.0
african-american|0.0
programs|0.0
pieces|0.0
progress|0.0
productive|0.0
pie|0.0
ok.|0.0
progressive|0.0
progressives|0.0
progressivness|0.0
obsessive|0.0
progs|0.0
projections|0.0
projects|0.0
products|0.0
procrastinating|0.0
afterwards|0.0
afro-americans|0.0
prision|0.0
prison|0.0
privacy|0.0
pist|0.0
priven|0.0
piracy|0.0
privilage|0.0
aft|0.0
privileged|0.0
pious|0.0
piled|0.0
prize|0.0
oils|0.0
obstruction|0.0
pro-illegal|0.0
prob|0.0
pink|0.0
problems|0.0
africans|0.0
proclivity|0.0
plausible|0.0
preparing|0.0
promised|0.0
prepared|0.0
pogeybait|0.0
popular|0.0
ai|0.0
ah|0.0
odd|0.0
oceanfront|0.0
portion|0.0
portray|0.0
poetic|0.0
pos|0.0
posing|0.0
agriculture|0.0
agricultural|0.0
positive|0.0
pockets|0.0
possessed|0.0
possessing|0.0
possessions|0.0
al|0.0
agreement|0.0
ocean|0.0
aiding|0.0
poorer|0.0
poor-|0.0
ancestors|0.0
aka|0.0
offense|0.0
pole|0.0
poisons|0.0
aim|0.0
poisonous|0.0
points|0.0
politician|0.0
odumbo|0.0
politicize|0.0
poor|0.0
pointing|0.0
poll|0.0
polls|0.0
odds|0.0
pollsters|0.0
polo|0.0
pond|0.0
pool|0.0
pools|0.0
possibly|0.0
post|0.0
posted|0.0
predominantly|0.0
plenty|0.0
precisely|0.0
predated|0.0
offered|0.0
predates|0.0
predecessors|0.0
predicting|0.0
pledged|0.0
alabama|0.0
alabaster|0.0
preaches|0.0
plea|0.0
playing|0.0
preference|0.0
preferences|0.0
pregnant|0.0
played|0.0
playbook|0.0
anarchy|0.0
aggression|0.0
preaching|0.0
praying|0.0
occurred|0.0
potus|0.0
poster|0.0
posting|0.0
postings|0.0
poaching|0.0
pot|0.0
po|0.0
potential|0.0
plus|0.0
potentially|0.0
agreeing|0.0
agreed|0.0
occupying|0.0
powerful|0.0
powers…|0.0
ppp|0.0
practice|0.0
plumbers|0.0
plows|0.0
practiced|0.0
pray|0.0
prominent|0.0
promises|0.0
pedo|0.0
obey|0.0
qualified|0.0
adult|0.0
quang|0.0
quarterly|0.0
queen|0.0
queens|0.0
queerbait|0.0
quest|0.0
adorable|0.0
questionable|0.0
questions|0.0
obese|0.0
quick|0.0
quickly|0.0
quit|0.0
quite|0.0
adopted|0.0
quotas|0.0
quote|0.0
r|0.0
ra|0.0
qualifications|0.0
qualification|0.0
perfection|0.0
pushed|0.0
advertisements|0.0
purposes|0.0
perpetuate|0.0
permit|0.0
pursue|0.0
pursuit|0.0
alligator|0.0
period|0.0
adverse|0.0
pushers|0.0
perfectly|0.0
pushing|0.0
once-great|0.0
performance|0.0
adults|0.0
puzzle|0.0
pyramids|0.0
q.|0.0
perform|0.0
qeerbarge|0.0
obedient|0.0
obamma|0.0
race-based|0.0
admissions|0.0
pence|0.0
rantings|0.0
penalize|0.0
pelosi|0.0
rap|0.0
america-hating|0.0
allowed|0.0
pee|0.0
admit|0.0
rapidly|0.0
adolescents|0.0
raping|0.0
rapist|0.0
rapists|0.0
pedophilia|0.0
rare|0.0
rarely|0.0
rasmussen|0.0
rate|0.0
allowing|0.0
admitting|0.0
rally|0.0
allow|0.0
peoples|0.0
americas|0.0
percentage|0.0
race-ist|0.0
races|0.0
ongoing|0.0
percent|0.0
per|0.0
racial|0.0
adopt|0.0
obamas|0.0
adolph|0.0
penny|0.0
racists|0.0
oops|0.0
radical|0.0
pendleton|0.0
policeman|0.0
rainbow|0.0
obamacare|0.0
raised|0.0
purpose|0.0
purporting|0.0
promoted|0.0
perpetuates|0.0
olivia|0.0
phony|0.0
oblama|0.0
phones|0.0
ancient|0.0
protection|0.0
affirmatively|0.0
protest|0.0
affiliations|0.0
phone|0.0
protests|0.0
proud|0.0
prove|0.0
phoenix|0.0
proved|0.0
phobic|0.0
objection|0.0
phobia|0.0
philadelphia|0.0
align|0.0
petitions|0.0
photo|0.0
prosecution|0.0
prosecuted|0.0
affordable|0.0
obsession|0.0
afraid|0.0
picture|0.0
pickup|0.0
obsessed|0.0
proof|0.0
obsess|0.0
picked|0.0
proofreading|0.0
alex|0.0
prosecute|0.0
propagandist|0.0
proper|0.0
observation|0.0
affirmitive|0.0
phrasing|0.0
alien|0.0
oldest|0.0
props|0.0
amoral|0.0
affect|0.0
provide|0.0
provided|0.0
punish|0.0
pulpit|0.0
olympics|0.0
pulse|0.0
amok|0.0
advisable|0.0
alliances|0.0
punches|0.0
omg|0.0
persian|0.0
punished|0.0
advocates|0.0
punishing|0.0
punishment|0.0
advice|0.0
perplexing|0.0
purchased|0.0
purchases|0.0
pure|0.0
purple|0.0
perpetuating|0.0
pulls|0.0
alleges|0.0
provides|0.0
object|0.0
petition|0.0
alike|0.0
providing|0.0
pes|0.0
proving|0.0
psychiatrist|0.0
psychographics|0.0
per⁠version|0.0
among|0.0
psychological|0.0
publish|0.0
alinsky|0.0
afdi|0.0
alive|0.0
afactor|0.0
alive/|0.0
personnel|0.0
and/or|0.0
personally|0.0
publicly|0.0
rockets|0.0
901|0.0
rocks|0.0
tune|0.0
trouble|0.0
truck|0.0
trucks|0.0
trucks.|0.0
trump2016|0.0
trumpet|0.0
trumps|0.0
trust|0.0
125,000|0.0
truthful|0.0
tsunami|0.0
tubos|0.0
tucked|0.0
tuition|0.0
turned|0.0
unsustainable|0.0
turning|0.0
tutoring|0.0
tv|0.0
tweets|0.0
twisted|0.0
123|0.0
type|0.0
types|0.0
typical|0.0
typically|0.0
typo|0.0
tyrannical|0.0
tyranny|0.0
tyrone|0.0
troops|0.0
troll|0.0
trips|0.0
trip|0.0
trangenderism|0.0
trans|0.0
transexuals|0.0
transformation|0.0
transgenderism|0.0
transgenders|0.0
transition|0.0
translate|0.0
translator|0.0
transparent|0.0
transplant|0.0
transport|0.0
transportation|0.0
transvestites|0.0
trash|0.0
trashy|0.0
traumatic|0.0
traveling|0.0
travesty|0.0
treason|0.0
treating|0.0
tree|0.0
144|0.0
tri|0.0
trial|0.0
trials|0.0
tribe|0.0
13:30|0.0
trillion|0.0
u.c.m.j|0.0
u.s|0.0
u.s.a.|0.0
10,000|0.0
undesirable|0.0
undivided|0.0
undocumented|0.0
undoubtedly|0.0
unemployed|0.0
unfair|0.0
unfairly|0.0
1/3|0.0
unfortunately|0.0
unfrigginbelievable|0.0
unheard|0.0
uninformed|0.0
union|0.0
1/2|0.0
unites|0.0
universities|0.0
university|0.0
1/100|0.0
unknown|0.0
unlawfully|0.0
unless|0.0
unlikely|0.0
unnecessarily|0.0
unnecessary|0.0
unplanned|0.0
unproductive|0.0
unqualified|0.0
unskilled|0.0
1/10|0.0
understood|0.0
understandable|0.0
u.s.s|0.0
undermining|0.0
ug|0.0
116|0.0
uhh|0.0
11,000|0.0
ultimately|0.0
um|0.0
un|0.0
unable|0.0
unacceptable|0.0
10x|0.0
102|0.0
unanswered|0.0
unavailable|0.0
10000|0.0
unbecoming|0.0
unbeknownst|0.0
unbelievable|0.0
unbiased|0.0
unborn|0.0
uncalled|0.0
uncertainty|0.0
unchecked|0.0
100,000|0.0
uncle|0.0
unconstitutional|0.0
uncovered|0.0
under-represented|0.0
undercover|0.0
underground|0.0
tramp|0.0
traitor-in-chief|0.0
traitor|0.0
tending|0.0
tennessee|0.0
tens|0.0
tent|0.0
tenured|0.0
termites|0.0
1960|0.0
terrible|0.0
1912|0.0
test|0.0
testimonial|0.0
tests|0.0
texas|0.0
tg|0.0
tg/gays|0.0
tg/s|0.0
tgs|0.0
tgs/gays|0.0
thank|0.0
thankfully|0.0
thankless|0.0
thanks|0.0
that.its|0.0
thats|0.0
the-state|0.0
them.off|0.0
theme|0.0
thereof|0.0
thessalonians|0.0
thief|0.0
tenet|0.0
ten|0.0
19|0.0
temps|0.0
talking|0.0
talks|0.0
tanf|0.0
tanker.the|0.0
tanks|0.0
tapped|0.0
target|0.0
tarzans|0.0
tasks|0.0
taste|0.0
taught|0.0
tax|0.0
taxes|0.0
1976-1977|0.0
taxpayers|0.0
te|0.0
teabags|0.0
teaches|0.0
team|0.0
teams|0.0
tear|0.0
tears|0.0
technically|0.0
telepromter|0.0
telesia2|0.0
telling|0.0
1961|0.0
1960-1967|0.0
temperament|0.0
thin|0.0
thinks|0.0
trains|0.0
tiresome|0.0
todays|0.0
together|0.0
16|0.0
tolerant|0.0
tolerate|0.0
tomorrow|0.0
tonight|0.0
tony|0.0
tool|0.0
toolbar|0.0
tooth|0.0
topic|0.0
torpedo|0.0
toss|0.0
totally|0.0
touch|0.0
touched|0.0
toy|0.0
toys|0.0
trabjo|0.0
tracked|0.0
trading|0.0
15-16|0.0
traditionally|0.0
traffic|0.0
tragedies|0.0
tragic|0.0
trail|0.0
training|0.0
18|0.0
tired|0.0
1898|0.0
tinfoil|0.0
thirty|0.0
this=|0.0
thoroughly|0.0
1863|0.0
thoughtful|0.0
thoughts|0.0
thousand|0.0
thread|0.0
threat|0.0
1847|0.0
thrive|0.0
throughout|0.0
throw|0.0
thrower|0.0
throwing|0.0
thrown|0.0
thru|0.0
ths|0.0
thumbs|0.0
thursday|0.0
1812|0.0
thwre|0.0
tick|0.0
ticked|0.0
tickets|0.0
ticking|0.0
tighter|0.0
till|0.0
timid|0.0
unsupervised|0.0
unto|0.0
rod|0.0
window|0.0
'straight|0.0
whoever|0.0
whole|0.0
wholesale|0.0
wholly|0.0
whos|0.0
whose|0.0
wicked|0.0
wide|0.0
widespread|0.0
widows|0.0
wildlife|0.0
william|0.0
willingness|0.0
wing|0.0
unusual|0.0
winner|0.0
wins|0.0
wipe|0.0
wiping|0.0
wisconsin|0.0
wisdom|0.0
wise|0.0
wish|0.0
wishes|0.0
wishful|0.0
wishing|0.0
witch|0.0
with15|0.0
withdraw|0.0
whey|0.0
whether|0.0
whenever|0.0
wheelers|0.0
water|0.0
water-carrying|0.0
watercraft|0.0
watering|0.0
waty|0.0
wayne|0.0
weak|0.0
weaker|0.0
wealthy|0.0
-1/10|0.0
'worse|0.0
wears|0.0
web|0.0
websites|0.0
'welfare|0.0
'victims|0.0
week|0.0
weekend|0.0
weekends|0.0
weeks|0.0
weird|0.0
well.i|0.0
wellbeing|0.0
wellsaid|0.0
welp|0.0
west|0.0
wh|0.0
whatever|0.0
whats|0.0
within|0.0
'progress|0.0
'normal|0.0
wrapped|0.0
wringing|0.0
write|0.0
'gave|0.0
writing|0.0
written|0.0
wrongly|0.0
wth|0.0
ww2|0.0
wwii|0.0
x|0.0
xuality|0.0
'em|0.0
yea|0.0
yeeeeup|0.0
yeh|0.0
yep|0.0
yielded|0.0
yiu|0.0
york|0.0
you.maybe|0.0
youth|0.0
yup|0.0
zero|0.0
zip|0.0
zone|0.0
'channeling|0.0
‘|0.0
'buy|0.0
'african|0.0
wright|0.0
wrap|0.0
witnessed|0.0
wow|0.0
wo|0.0
woke|0.0
wolves|0.0
women-hating|0.0
wonder|0.0
wondered|0.0
wonderful|0.0
wondering|0.0
wonders|0.0
wont|0.0
woods|0.0
woodwork|0.0
woof|0.0
'is|0.0
'humanity|0.0
work-boots|0.0
work-for|0.0
work=welafareheathcare=|0.0
workee|0.0
workers|0.0
'historic|0.0
workplace|0.0
'group|0.0
works.quick|0.0
worldwide|0.0
worry|0.0
worsened|0.0
'good|0.0
wounds|0.0
watches|0.0
watched|0.0
wasteful|0.0
vallerie|0.0
valued|0.0
values|0.0
van|0.0
/sarc|0.0
vassar|0.0
vast|0.0
/hate|0.0
vaulting|0.0
vaunted|0.0
.like|0.0
velcro|0.0
vendor|0.0
venezuela|0.0
venom|0.0
venomous|0.0
venture|0.0
verbally|0.0
verified|0.0
verify|0.0
vermin|0.0
versa|0.0
.it|0.0
ves|0.0
vessel|0.0
vet|0.0
.any|0.0
.357|0.0
vetting|0.0
via|0.0
0|0.0
validity|0.0
vice|0.0
valid|0.0
unusually|0.0
unwashed|0.0
unwilling|0.0
upper|0.0
upping|0.0
urge|0.0
us-we|0.0
usa|0.0
usage|0.0
1+1|0.0
useful|0.0
useless|0.0
1|0.0
uses|0.0
usn|0.0
usni|0.0
usns|0.0
042|0.0
ussr|0.0
0/10|0.0
utah|0.0
uttered|0.0
utterly|0.0
vacate|0.0
vacation|0.0
vacationing|0.0
vacations|0.0
vacuous|0.0
valerie|0.0
viable|0.0
.......................|0.0
wasted|0.0
votes|0.0
voyage|0.0
vs|0.0
vt.|0.0
w|0.0
wacky|0.0
wages|0.0
........|0.0
waiting|0.0
wake|0.0
waking|0.0
walk|0.0
walked|0.0
walking|0.0
wall|0.0
walmart|0.0
walton|0.0
wan|0.0
.......|0.0
wanting|0.0
war|0.0
wardrobes|0.0
warehouses|0.0
warming|0.0
warning|0.0
warship|0.0
wash|0.0
.....|0.0
wasnt|0.0
waste|0.0
voting|0.0
voter|0.0
victimize|0.0
voted|0.0
victimizing|0.0
victims|0.0
.................|0.0
video|0.0
videos|0.0
viet|0.0
vietnam|0.0
...............|0.0
vigorous|0.0
vikings|0.0
village|0.0
villain|0.0
violated|0.0
violates|0.0
violent|0.0
..............|0.0
virgin|0.0
virulent|0.0
visa|0.0
...........|0.0
vision|0.0
visit|0.0
visits|0.0
vitriol|0.0
voice|0.0
..........|0.0
volunteering|0.0
vomit|0.0
.........|0.0
talk|0.0
1987|0.0
1990|0.0
sharon|0.0
severely|0.0
sexist|0.0
sexuality|0.0
sexually|0.0
sez|0.0
shadows|0.0
shall|0.0
800+|0.0
shalom|0.0
80|0.0
share|0.0
shared|0.0
8|0.0
sharing|0.0
sharp|0.0
1st|0.0
shed|0.0
sheep|0.0
sheeple|0.0
sheer|0.0
shekels|0.0
shelter|0.0
799|0.0
762|0.0
72|0.0
sherman|0.0
shielding|0.0
shipping|0.0
ships|0.0
shock|0.0
seven|0.0
settle|0.0
setting|0.0
8th|0.0
a55|0.0
selective|0.0
a.|0.0
self-appreciation|0.0
a-hole|0.0
=uh|0.0
999.|0.0
self-understanding|0.0
sell|0.0
999|0.0
semites|0.0
senator|0.0
sending|0.0
96|0.0
sensible|0.0
sentencing|0.0
sentiment|0.0
separate|0.0
separately|0.0
95|0.0
series|0.0
nonetheless|0.0
9/11|0.0
9.6|0.0
served|0.0
serves|0.0
9-67|0.0
services|0.0
9|0.0
shocking|0.0
shoes|0.0
shoot|0.0
singing|0.0
single-issue|0.0
singled|0.0
singling|0.0
sink|0.0
sinks|0.0
sir|0.0
sister|0.0
579|0.0
site|0.0
sits|0.0
sitting|0.0
57|0.0
situations|0.0
537|0.0
size|0.0
ski|0.0
skill|0.0
skin|0.0
skinned|0.0
skinny|0.0
skippy|0.0
skunk-ape|0.0
sla|0.0
50|0.0
slants|0.0
slap|0.0
slaughtered|0.0
slaughtering|0.0
5.|0.0
single|0.0
sing|0.0
713|0.0
sinful|0.0
7.62|0.0
shop|0.0
shores|0.0
7.5|0.0
shots|0.0
shove|0.0
showed|0.0
showing|0.0
shown|0.0
shows|0.0
shrugged|0.0
shut|0.0
shutting|0.0
7|0.0
sickness|0.0
sierra415|0.0
sigh|0.0
sight|0.0
6th|0.0
signed|0.0
signs|0.0
6:31|0.0
silly|0.0
similar|0.0
6:00|0.0
675|0.0
60,000|0.0
60|0.0
sincerity|0.0
a55hole|0.0
abeting|0.0
sef-righteousness|0.0
rv|0.0
s.s.|0.0
sack|0.0
sacrifice|0.0
sacrificing|0.0
sadam|0.0
saddened|0.0
saddest|0.0
saddle|0.0
sadly|0.0
safe|0.0
safely|0.0
abusive|0.0
safety|0.0
sailor|0.0
sailors|0.0
sake|0.0
salary|0.0
sales|0.0
sam|0.0
samich|0.0
samuel|0.0
san|0.0
abusing|0.0
abused|0.0
sancuary|0.0
absolutely|0.0
sanders|0.0
sandusky|0.0
sane|0.0
rvn|0.0
ruthlessly|0.0
sankey|0.0
rutgers|0.0
rofl|0.0
roflmao|0.0
role|0.0
access|0.0
roll|0.0
rolled|0.0
rolling|0.0
roman|0.0
romney|0.0
room|0.0
rooms|0.0
accepting|0.0
rooting|0.0
rotted|0.0
accept|0.0
round|0.0
routinely|0.0
rudder|0.0
rude|0.0
ruins|0.0
rules|0.0
ruling|0.0
rumpranger|0.0
run|0.0
runnig|0.0
running|0.0
academic|0.0
russell|0.0
russians|0.0
sanger|0.0
santa|0.0
seen|0.0
abortions|0.0
aborted|0.0
screwed|0.0
screwing|0.0
abort|0.0
scrubbed|0.0
scumbags|0.0
se|0.0
abolish|0.0
aboard|0.0
sealed|0.0
seaman|0.0
sean|0.0
seanny|0.0
searched|0.0
seattle|0.0
sec|0.0
secede|0.0
able-bodies|0.0
secretary|0.0
section|0.0
sector|0.0
abhorrent|0.0
secularists|0.0
secure|0.0
security|0.0
seduce|0.0
seeing|0.0
seeking|0.0
seem|0.0
scouty|0.0
scottish|0.0
absolute|0.0
scotsman|0.0
sarc|0.0
sarcasm|0.0
sarcastic|0.0
sat|0.0
satan|0.0
satisfaction|0.0
absence|0.0
save|0.0
abroad|0.0
savior|0.0
saw|0.0
sa⁠d|0.0
sb117|0.0
sc|0.0
scag|0.0
scammers|0.0
abridging|0.0
scanned|0.0
scared|0.0
scares|0.0
scary|0.0
scheme|0.0
scholarship|0.0
schooling|0.0
schools|0.0
scientist|0.0
scorcher|0.0
score|0.0
scores|0.0
slavic|0.0
sleep|0.0
slew|0.0
stricter|0.0
strikes|0.0
strip|0.0
strong|0.0
strongly|0.0
22.|0.0
struggle|0.0
struggli|0.0
studied|0.0
studies|0.0
study|0.0
stuff|0.0
stumped|0.0
stumps|0.0
stunted|0.0
stupid|0.0
stupidity|0.0
style|0.0
subhuman|0.0
21:20|0.0
subjected|0.0
subjectively|0.0
submissive|0.0
subservient|0.0
subset|0.0
subsidies|0.0
subsidizes|0.0
subsidy|0.0
substances|0.0
substitute|0.0
strike|0.0
strict|0.0
2020|0.0
street|0.0
steal|0.0
stem|0.0
282|0.0
step|0.0
stereotype|0.0
stevens|0.0
stick|0.0
sticker|0.0
stillare|0.0
stingray|0.0
stinking|0.0
stinky|0.0
stock|0.0
stole|0.0
stomached|0.0
stone|0.0
stool|0.0
25:44|0.0
25.7|0.0
25|0.0
stores|0.0
storm|0.0
story|0.0
22:28|0.0
strange|0.0
stranger|0.0
strap|0.0
strategy|0.0
strauss|0.0
suburbs|0.0
2017|0.0
3.|0.0
surrendered|0.0
survive|0.0
2000.|0.0
sustenance|0.0
suv|0.0
swaths|0.0
swim|0.0
swimming|0.0
2000|0.0
swipes|0.0
swiping|0.0
switch|0.0
sworn|0.0
200,00|0.0
symbolizes|0.0
sympathy|0.0
symptom|0.0
synical5|0.0
syria|0.0
systems|0.0
s⁠h⁠u⁠t|0.0
t.|0.0
table|0.0
tacky|0.0
20,000.00-|0.0
taitz|0.0
2/9|0.0
2/3|0.0
takeo|0.0
taker|0.0
survival|0.0
surprises|0.0
succession|0.0
surprised|0.0
2014.|0.0
suddenly|0.0
sue|0.0
sued|0.0
suffer|0.0
2012|0.0
sufficient|0.0
suggestion|0.0
suit|0.0
suits|0.0
summary|0.0
summer|0.0
supemes|0.0
superior|0.0
200t|0.0
2008.|0.0
supported|0.0
2005|0.0
2003|0.0
supporting|0.0
supportive|0.0
supports|0.0
2000.00|0.0
suppressed|0.0
supreme|0.0
suprisied|0.0
surgeon|0.0
surplus|0.0
surprise|0.0
3-69|0.0
stds|0.0
slime|0.0
sold|0.0
sole|0.0
solution|0.0
solved|0.0
solving|0.0
somebody|0.0
someday|0.0
sometime|0.0
456|0.0
son|0.0
song|0.0
soon|0.0
soothe|0.0
sore|0.0
soros|0.0
sorry|0.0
sorting|0.0
45.2|0.0
soul|0.0
souls|0.0
sound|0.0
soundless|0.0
45|0.0
43|0.0
sources|0.0
south|0.0
souther|0.0
southern|0.0
southerner|0.0
southerners|0.0
soldiers|0.0
soho|0.0
sovereignty|0.0
46|0.0
slipped|0.0
slither|0.0
slowly|0.0
slugs|0.0
small|0.0
smallpox|0.0
smartest|0.0
smh|0.0
smile|0.0
smirk|0.0
smith|0.0
smoking|0.0
smudge|0.0
snacks|0.0
snarky|0.0
snarth|0.0
snatched|0.0
snooping|0.0
5|0.0
soc|0.0
social/govt|0.0
4th|0.0
socialismless|0.0
socialist|0.0
socialists|0.0
socialize|0.0
49|0.0
societies|0.0
485|0.0
sovereign|0.0
soviet|0.0
staying|0.0
spread|0.0
springsteen|0.0
squash|0.0
squeeze|0.0
ss|0.0
ssi|0.0
ssm|0.0
st.|0.0
stability|0.0
stage|0.0
stamp|0.0
stamped|0.0
37|0.0
standards|0.0
364.|0.0
stanley|0.0
staples|0.0
starr|0.0
start|0.0
started|0.0
starting|0.0
starts|0.0
starve|0.0
300|0.0
stating|0.0
station|0.0
30-40|0.0
stats|0.0
30|0.0
stayed|0.0
spreading|0.0
sprayed|0.0
spade|0.0
spouts|0.0
spain|0.0
spam|0.0
spamming|0.0
spat|0.0
spay|0.0
427|0.0
speaker|0.0
423|0.0
speaks|0.0
special|0.0
species|0.0
specific|0.0
speed|0.0
spelled|0.0
420|0.0
spent|0.0
40k|0.0
spewing|0.0
spin|0.0
spite|0.0
3:10|0.0
39th|0.0
spoke|0.0
spoken|0.0
sports|0.0
spot|0.0
spousal|0.0
39|0.0
spouting|0.0
nonsense|0.0
ceremony|0.0
none|0.0
eighteen|0.0
eeoc|0.0
efect|0.0
efen|0.0
effect|0.0
borders|0.0
efficiency|0.0
efficiently|0.0
effluence|0.0
effort|0.0
border|0.0
egypt|0.0
egyptian|0.0
eh|0.0
eight|0.0
elaborate|0.0
booths|0.0
elated|0.0
booze|0.0
elected|0.0
electing|0.0
election|0.0
elections|0.0
electricity|0.0
boots|0.0
eligable|0.0
eligibility|0.0
eliminate|0.0
eliminated|0.0
elimination|0.0
elite|0.0
educated|0.0
educate|0.0
boston|0.0
economy|0.0
dummycraps|0.0
dump|0.0
dumped|0.0
dumping|0.0
dunham|0.0
duo|0.0
duty|0.0
du﻿m﻿b|0.0
dynamic|0.0
bounty|0.0
e|0.0
e-verify|0.0
e.|0.0
e.b.t|0.0
earlier|0.0
early|0.0
earn|0.0
earned|0.0
earnings|0.0
easier|0.0
easiest|0.0
boundary|0.0
east|0.0
boundaries|0.0
bought|0.0
eating|0.0
eats|0.0
bottom|0.0
economic|0.0
elites|0.0
booted|0.0
british|0.0
enslaved|0.0
bolster|0.0
enforces|0.0
enforcing|0.0
boiling|0.0
engaged|0.0
engine|0.0
engineer|0.0
english|0.0
enhancements|0.0
enjoy|0.0
enjoyed|0.0
enlisted|0.0
enroll|0.0
enrollment|0.0
enslavement|0.0
embarrassed|0.0
enslaving|0.0
bodies|0.0
entangled|0.0
enter|0.0
bobbling|0.0
entity|0.0
envy|0.0
epitomy|0.0
bob|0.0
equal-outcome|0.0
boarding|0.0
equation|0.0
equipped|0.0
equity|0.0
enforced|0.0
enforce|0.0
bolt|0.0
enemy|0.0
embarrassing|0.0
embarrassment|0.0
boot|0.0
embraced|0.0
emergency|0.0
eminent|0.0
books|0.0
emotions|0.0
empire|0.0
employed/under|0.0
employees|0.0
employers|0.0
book|0.0
empowered|0.0
empowering|0.0
empty|0.0
emulate|0.0
en|0.0
enclosure|0.0
encourage|0.0
bong|0.0
encouraging|0.0
end-point|0.0
endangerment|0.0
bon|0.0
endorses|0.0
endowment|0.0
ends|0.0
enemies|0.0
dummy|0.0
dummie|0.0
dumbing|0.0
brexit|0.0
discover|0.0
discovered|0.0
bridge|0.0
discriminated|0.0
discriminating|0.0
discussed|0.0
brianne|0.0
disease|0.0
diseases/disorders|0.0
disgraceful|0.0
disgusting|0.0
dishonored|0.0
dishonourable|0.0
dishonourably|0.0
dismal|0.0
dumber|0.0
dismisses|0.0
breeze|0.0
displaying|0.0
displeasure|0.0
disservice|0.0
dissing|0.0
distance|0.0
distinction|0.0
breeding|0.0
breath|0.0
break|0.0
distraction|0.0
districting|0.0
districts|0.0
disclaimer|0.0
discharged|0.0
discharge|0.0
disaster|0.0
britannica|0.0
died|0.0
dies|0.0
diet|0.0
differ|0.0
difference|0.0
differences|0.0
difficult|0.0
dig|0.0
dignity|0.0
dignity.mine|0.0
diluted|0.0
dim|0.0
dim-wit|0.0
brightess|0.0
dinosaurs|0.0
dinsmo81|0.0
direct|0.0
directed|0.0
direction|0.0
directly|0.0
bright|0.0
disability|0.0
disabled|0.0
disadvantaged|0.0
disagree|0.0
disagreement|0.0
disappear|0.0
disarray|0.0
disturbed|0.0
bravo|0.0
diversify|0.0
doubting|0.0
downtrodden|0.0
dox|0.0
dozen|0.0
drafted|0.0
drafting|0.0
bracelets|0.0
dragged|0.0
drama|0.0
draw|0.0
dream|0.0
br782|0.0
boys|0.0
dresses|0.0
boyfriend|0.0
drinking|0.0
drive|0.0
driven|0.0
driving|0.0
boycott|0.0
drove|0.0
droves|0.0
drown|0.0
drugs|0.0
box|0.0
duck|0.0
dude|0.0
due|0.0
duh|0.0
dumbed|0.0
downtown|0.0
doubt|0.0
brave|0.0
double|0.0
branches|0.0
divided|0.0
dividing|0.0
divine|0.0
divisive|0.0
divorce|0.0
dix|0.0
dna|0.0
branch|0.0
doctor|0.0
doctors|0.0
brake|0.0
document|0.0
documented|0.0
documents|0.0
dog|0.0
brain-dead|0.0
doherty|0.0
dole|0.0
doles|0.0
dollar|0.0
dollars|0.0
domestic|0.0
bragg|0.0
brag|0.0
donors|0.0
doors|0.0
doorway|0.0
dopes|0.0
equivalent|0.0
erasure|0.0
erred|0.0
firmly|0.0
biden|0.0
fills|0.0
filmed|0.0
filth|0.0
final|0.0
finally|0.0
finances|0.0
fine|0.0
fines|0.0
fingers|0.0
biblical|0.0
bible|0.0
firlmy|0.0
firm|0.0
fish|0.0
billions|0.0
biased|0.0
fits|0.0
fittest|0.0
bias|0.0
fixed|0.0
fixing|0.0
flags|0.0
flash|0.0
flawed|0.0
fleet|0.0
flight|0.0
flightsuit|0.0
flip|0.0
flippers|0.0
fill|0.0
filed|0.0
file|0.0
big|0.0
feet|0.0
fell|0.0
fellow|0.0
felon|0.0
bike|0.0
felony|0.0
female|0.0
femanazis|0.0
bigot|0.0
biggest|0.0
femme_esq|0.0
fence|0.0
fence-climbing|0.0
fencing|0.0
fend|0.0
bigger|0.0
fewer|0.0
fi|0.0
fiags|0.0
fiat|0.0
fiction|0.0
field|0.0
fififififif|0.0
fifth-grader|0.0
fifty|0.0
fight|0.0
fighting|0.0
figure|0.0
figured|0.0
florida|0.0
beter|0.0
flower|0.0
forget|0.0
forgot|0.0
forgotten|0.0
bernie|0.0
form.in|0.0
formed|0.0
former|0.0
bern|0.0
fort|0.0
fortrump|0.0
forward|0.0
fought|0.0
foul|0.0
berate|0.0
foundation|0.0
founded|0.0
founder|0.0
four|0.0
fourth|0.0
fox|0.0
foxbots|0.0
foxxy|0.0
fo﻿ol|0.0
frakish|0.0
fran|0.0
france|0.0
bequeath|0.0
fraud|0.0
freaked|0.0
benefiting|0.0
forgive|0.0
forewarn|0.0
flows|0.0
forever|0.0
floyd|0.0
flrlegal|0.0
fluff|0.0
fly|0.0
focus|0.0
foisted|0.0
foley|0.0
folk|0.0
folks|0.0
followed|0.0
followers|0.0
following|0.0
food-|0.0
foodcare=housingcare=|0.0
foodie|0.0
best|0.0
foodstamps|0.0
fool|0.0
fools|0.0
foot|0.0
for/criticized|0.0
forbid|0.0
forces|0.0
forcing|0.0
ford|0.0
forefathers|0.0
forefront|0.0
foreign|0.0
foreigners|0.0
feelings|0.0
feds|0.0
boarders|0.0
except|0.0
block|0.0
blight|0.0
evinrude|0.0
evolutionists|0.0
evolve|0.0
evolved|0.0
evolving|0.0
ex-navy|0.0
exact|0.0
example|0.0
examples|0.0
exceed|0.0
excellence|0.0
excellent|0.0
blew|0.0
fed|0.0
exceptions|0.0
exclude|0.0
excluding|0.0
excommunicated|0.0
excuse|0.0
blessed|0.0
executive|0.0
exempt|0.0
exhibiting|0.0
exists|0.0
exodus|0.0
expand|0.0
expense|0.0
expenses|0.0
evident|0.0
evidence|0.0
blocked|0.0
everyday|0.0
erroneously|0.0
boarder|0.0
esin|0.0
esp|0.0
especially|0.0
blue|0.0
essentials|0.0
establish|0.0
blowing|0.0
esteem|0.0
esther|0.0
blow|0.0
bloviates|0.0
etc.etc.what|0.0
eternal|0.0
eternally|0.0
bloody|0.0
ethiopian|0.0
ethnicity|0.0
eu|0.0
europeans|0.0
europeantv|0.0
evaluated|0.0
evangelizing|0.0
eve|0.0
blood|0.0
eventual|0.0
eventually|0.0
blocking|0.0
blast|0.0
blankets|0.0
blamed|0.0
biology|0.0
falling|0.0
falls|0.0
falsehoods|0.0
falsely|0.0
fambly|0.0
famous|0.0
fan|0.0
fanatical|0.0
fantastic|0.0
fantasy|0.0
fan⁠tas⁠ies|0.0
farce|0.0
farm|0.0
farms|0.0
fascinating|0.0
fashion|0.0
fast|0.0
faster|0.0
fat|0.0
father|0.0
fatherland|0.0
fatherless|0.0
fathers|0.0
fault|0.0
favor|0.0
favorite|0.0
favors|0.0
fblm|0.0
fear|0.0
billy|0.0
biometric|0.0
experiment|0.0
fallacies|0.0
expert|0.0
explained|0.0
bj|0.0
exploits|0.0
explosive|0.0
expressing|0.0
extent|0.0
extra|0.0
extremely|0.0
extremist|0.0
eye|0.0
eyeseeit|0.0
f|0.0
f.a.g|0.0
face|0.0
facilities|0.0
facility|0.0
bizaro|0.0
bitter|0.0
bit|0.0
factually|0.0
fail|0.0
failing|0.0
failure|0.0
failures|0.0
fair|0.0
fairy|0.0
fake|0.0
birth|0.0
didnt|0.0
diarrhea|0.0
non-working|0.0
concerning|0.0
compete|0.0
competent|0.0
completely|0.0
compliance|0.0
complicity|0.0
comply|0.0
complying|0.0
compounded|0.0
comprehension|0.0
computes|0.0
comunities|0.0
captured|0.0
capsize|0.0
capitol|0.0
concerns|0.0
confidence|0.0
capital|0.0
condemn|0.0
condemnation|0.0
condemned|0.0
condemned/boycotted|0.0
capable|0.0
condolences|0.0
condom|0.0
condones|0.0
conduct|0.0
confederacy|0.0
confederate-flag|0.0
confederated|0.0
confederates|0.0
career|0.0
compass|0.0
comparison|0.0
compare|0.0
combat|0.0
carnage|0.0
comeback.|0.0
comedy|0.0
coming|0.0
commander|0.0
commemorate|0.0
commemorating|0.0
commencement|0.0
commended|0.0
comment|0.0
commenting|0.0
comments|0.0
comments-|0.0
commission|0.0
commissioned|0.0
commit|0.0
commitment|0.0
committed|0.0
committee|0.0
committing|0.0
commoners|0.0
caring|0.0
communism|0.0
communist|0.0
communists|0.0
community|0.0
cares|0.0
caregiver|0.0
confer|0.0
confirming|0.0
diaper|0.0
controlled|0.0
context|0.0
continually|0.0
continued|0.0
continues|0.0
continuing|0.0
contraceptives|0.0
contract|0.0
contracts|0.0
contractual|0.0
cams|0.0
contrast|0.0
contributed|0.0
contribution|0.0
contrived|0.0
controlling|0.0
conflict|0.0
controls|0.0
campaign|0.0
conversation|0.0
camp|0.0
conviction|0.0
came|0.0
cookbook|0.0
cooke|0.0
cooking|0.0
cool|0.0
cop|0.0
cops|0.0
corner|0.0
corporations|0.0
content|0.0
contends|0.0
contend|0.0
contemporary|0.0
conform|0.0
conformation|0.0
confuse|0.0
confusec|0.0
cap|0.0
cans|0.0
canopy|0.0
confussed|0.0
congo|0.0
candy|0.0
connectcut|0.0
connected|0.0
connecticut|0.0
connection|0.0
candidates|0.0
candidate|0.0
considering|0.0
consistent|0.0
conspiracy|0.0
constituency|0.0
constituiton|0.0
constitutional|0.0
construct|0.0
cancer|0.0
consultant|0.0
consume|0.0
consumption|0.0
contact|0.0
contained|0.0
columbia|0.0
colt|0.0
colour|0.0
chiefs|0.0
cellphones|0.0
cheering|0.0
cellmate|0.0
chelsea|0.0
cherokee|0.0
cherrypicking|0.0
chevrolet|0.0
chicago|0.0
cell|0.0
chickensh|0.0
chicks|0.0
chico|0.0
chicongo|0.0
chief|0.0
childs|0.0
carolina|0.0
chimney|0.0
celebrities|0.0
chimps|0.0
chin|0.0
china|0.0
chinese|0.0
choice|0.0
choices|0.0
ceased|0.0
caveat|0.0
chose|0.0
cautious|0.0
christ|0.0
christ-like|0.0
checking|0.0
checkers|0.0
checked|0.0
cells|0.0
certificate|0.0
certificates|0.0
cervesa|0.0
cess|0.0
cesspool|0.0
chain|0.0
chaingang|0.0
chair|0.0
chairman|0.0
ceo|0.0
chambering|0.0
chambers|0.0
cents|0.0
changing|0.0
channel|0.0
chapter|0.0
character|0.0
characters|0.0
center|0.0
charges|0.0
charity|0.0
charlatans|0.0
charles|0.0
charlie|0.0
charter|0.0
chastity|0.0
chattel|0.0
cheap|0.0
cheating|0.0
christianity|0.0
christmas|0.0
christopher|0.0
carve|0.0
clips|0.0
clm|0.0
close|0.0
carter|0.0
closer|0.0
cars|0.0
clout|0.0
cloward-piven|0.0
clown|0.0
carrying|0.0
clueless|0.0
co-worker|0.0
coast|0.0
coasts|0.0
coddling|0.0
carry|0.0
carroll|0.0
coin|0.0
cold|0.0
collage|0.0
collateral|0.0
collected|0.0
collecting|0.0
collection|0.0
college|0.0
college/university|0.0
cologne|0.0
colonel|0.0
colorado|0.0
clintons|0.0
clicking|0.0
chuckle|0.0
clicked|0.0
church|0.0
churches|0.0
causes|0.0
cigar|0.0
cigarettes|0.0
circles|0.0
circulating|0.0
circumcise|0.0
caucasians|0.0
cau|0.0
civics|0.0
catholic|0.0
civil/military|0.0
civilians|0.0
civilize|0.0
catcher|0.0
catch|0.0
cataracts|0.0
claiming|0.0
castrate|0.0
clair|0.0
clans|0.0
class|0.0
classes|0.0
casinos|0.0
clean|0.0
cleaning|0.0
cleansing|0.0
cash|0.0
callin|0.0
correctness|0.0
corvette|0.0
deiw|0.0
buildings|0.0
defiance|0.0
define|0.0
defined|0.0
definitely|0.0
definition|0.0
deflected|0.0
deformed|0.0
deforms|0.0
degradation|0.0
degrade|0.0
degrades|0.0
degree|0.0
degrees|0.0
delete|0.0
debates|0.0
deleted|0.0
deleted.|0.0
deliberately|0.0
deliver|0.0
dem|0.0
demanding|0.0
demands|0.0
democracy|0.0
democracymanifest|0.0
democrat|0.0
democratic|0.0
demographic|0.0
bueller|0.0
budgetary|0.0
built|0.0
defender|0.0
defended|0.0
bullets|0.0
debt=sis|0.0
debtors|0.0
decadence|0.0
decades|0.0
decals|0.0
decay|0.0
deceived|0.0
burden|0.0
deception|0.0
deceptive|0.0
decide|0.0
decided|0.0
deciding|0.0
decisions|0.0
decisions-|0.0
deck|0.0
declaration|0.0
declared|0.0
decline|0.0
dedicated|0.0
deeds|0.0
deeming|0.0
bunnies|0.0
bunch|0.0
deepest|0.0
bumper|0.0
default|0.0
defect|0.0
bulls|0.0
demoncrats|0.0
demonizing|0.0
demonstrate|0.0
deserve|0.0
browning|0.0
brow|0.0
brought|0.0
brough|0.0
brother|0.0
despite|0.0
despondency|0.0
despots|0.0
destabilize|0.0
broom|0.0
destroyed|0.0
destroyers|0.0
destroying|0.0
destruction|0.0
broken|0.0
deter|0.0
determination|0.0
determine|0.0
determined|0.0
deterrent|0.0
deutch|0.0
deuteronomy|0.0
deutschland|0.0
develop|0.0
developed|0.0
brits|0.0
deviant|0.0
devil|0.0
diagnosis|0.0
deserving|0.0
desert|0.0
demoralising|0.0
description|0.0
demoratic|0.0
demorats|0.0
demoted|0.0
demrats|0.0
buddy|0.0
dennis|0.0
dense|0.0
department|0.0
departments|0.0
departure|0.0
buckwheat|0.0
dependent|0.0
depending|0.0
deplorable|0.0
bucks|0.0
deportation|0.0
deportations|0.0
deporting|0.0
depressing|0.0
bucket|0.0
buck|0.0
dept|0.0
deranged|0.0
dereliction|0.0
brussels|0.0
deriliction|0.0
derisive|0.0
bruce|0.0
descent|0.0
debilitating|0.0
burdensome|0.0
cosby|0.0
crewed|0.0
bwaaaaa|0.0
bwaa|0.0
create|0.0
creates|0.0
creating|0.0
creation|0.0
creationist|0.0
buttsex|0.0
buts|0.0
creaturrrrre|0.0
credence|0.0
credit|0.0
creepy|0.0
crew|0.0
crickets|0.0
dearly|0.0
crimes|0.0
busses|0.0
crisis|0.0
critical|0.0
critically|0.0
criticize|0.0
criticized|0.0
criticizing|0.0
critique|0.0
critize|0.0
crminals|0.0
crop|0.0
cross|0.0
crossed|0.0
crawlin|0.0
crawl|0.0
crappy|0.0
crap|0.0
cost|0.0
costs|0.0
cotton|0.0
caller|0.0
caliphate|0.0
counselor|0.0
california|0.0
count|0.0
count-|0.0
cali|0.0
cake|0.0
countries|0.0
counts|0.0
caiiing|0.0
coupe|0.0
cage|0.0
coupons|0.0
caffiene|0.0
cadillac|0.0
courses|0.0
court|0.0
cousins|0.0
cover|0.0
covered|0.0
cow-tow|0.0
coward|0.0
cowardly|0.0
coyote|0.0
craig|0.0
crow|0.0
crowd|0.0
crown|0.0
da|0.0
daddies|0.0
daddy|0.0
dah|0.0
dahmer|0.0
bus|0.0
bury|0.0
damages|0.0
dance|0.0
dandy|0.0
danger|0.0
burned|0.0
burn|0.0
dark|0.0
darts|0.0
burglarized|0.0
data|0.0
date|0.0
daughter|0.0
daughters|0.0
daycare|0.0
burglar|0.0
ddg|0.0
dead|0.0
deadbeats|0.0
burger|0.0
dealership|0.0
bureaucrats|0.0
dean|0.0
dear|0.0
bush|0.0
d.c.|0.0
cruel|0.0
d.|0.0
cruelty|0.0
cruise|0.0
crumbling|0.0
crush|0.0
crust|0.0
crying|0.0
cr⁠e⁠epy|0.0
cubans|0.0
cult|0.0
culture|0.0
cup|0.0
cupcakes|0.0
curb|0.0
cure|0.0
curing|0.0
curious|0.0
currency|0.0
business|0.0
currently|0.0
cuss|0.0
cussing|0.0
custody|0.0
customized|0.0
cut|0.0
cutting|0.0
cynical|0.0
cyrus|0.0
czar|0.0
c⁠o⁠w⁠ard|0.0
freedoms|0.0
freedomscout|0.0
freeloader|0.0
libidinous|0.0
asset|0.0
lexis|0.0
lexus|0.0
lgbt|0.0
liability|0.0
liable|0.0
libby|0.0
libelous|0.0
liberal-socialist|0.0
liberal/lamocrats|0.0
liberalbeliefs|0.0
liberalism|0.0
libertards|0.0
liberty|0.0
licenses|0.0
lilly|0.0
lick|0.0
assaulted|0.0
aspirin|0.0
lies|0.0
lifesaver|0.0
lifestyle|0.0
lifetime|0.0
asks|0.0
lightly|0.0
lightweight|0.0
liked|0.0
likely|0.0
likes|0.0
liking|0.0
leviticus|0.0
assigned|0.0
letting|0.0
letters|0.0
leak|0.0
leaning|0.0
assuming|0.0
learned|0.0
learning|0.0
assume|0.0
leave|0.0
leaves|0.0
leaving|0.0
lectures|0.0
lee|0.0
leeches|0.0
leftist|0.0
leftists|0.0
lefts|0.0
leftytool|0.0
legacy|0.0
legal|0.0
legally|0.0
assorted|0.0
associated|0.0
legislative|0.0
legislator|0.0
legislators|0.0
legislature|0.0
assistance|0.0
legitimately|0.0
lemmings|0.0
assinine|0.0
asking|0.0
limit|0.0
freeways|0.0
armies|0.0
army|0.0
loves|0.0
arms|0.0
low-income|0.0
lower|0.0
lowers|0.0
lowest|0.0
arming|0.0
ltfol|0.0
luck|0.0
lucky|0.0
luger|0.0
luke|0.0
lunches|0.0
ly|0.0
aside|0.0
lying|0.0
lynched|0.0
lynching|0.0
m16a4|0.0
m4|0.0
mabee|0.0
mabus|0.0
machinations|0.0
machine|0.0
machines|0.0
madame|0.0
madelyn|0.0
madness|0.0
maga|0.0
lousy|0.0
louder|0.0
lottery|0.0
lots|0.0
limiting|0.0
limitted|0.0
lincoln|0.0
linebacker|0.0
liquor|0.0
listen|0.0
literally|0.0
lithuanian|0.0
litter|0.0
llp|0.0
lmao|0.0
loaders|0.0
asault|0.0
arts|0.0
articles|0.0
lock|0.0
locker|0.0
logic|0.0
logical|0.0
lollypop|0.0
arrogance|0.0
looney|0.0
arrest|0.0
lord|0.0
lorry|0.0
lose|0.0
loses|0.0
losing|0.0
loss|0.0
league|0.0
leading|0.0
leadership|0.0
junior|0.0
joke|0.0
jokes|0.0
jones|0.0
jordan|0.0
jose|0.0
attitudes|0.0
judaism|0.0
judge|0.0
judgement|0.0
judgements|0.0
judicial|0.0
attitude|0.0
jump|0.0
jungle|0.0
attending|0.0
leader|0.0
jurnior|0.0
justice|0.0
attendees|0.0
justme33355|0.0
jv|0.0
kansas|0.0
attended|0.0
kcarab|0.0
keeping|0.0
keeps|0.0
kenyans|0.0
kettle|0.0
keyboard|0.0
keyboards|0.0
joining|0.0
attractive|0.0
attributed|0.0
john|0.0
autonomously|0.0
item|0.0
items|0.0
ivy|0.0
automatically|0.0
j.|0.0
jackson|0.0
jail|0.0
japanese|0.0
japenese|0.0
jarrett|0.0
jaxtown|0.0
jealousy|0.0
jeebies|0.0
authority|0.0
jefferson|0.0
jeffrey|0.0
authorities|0.0
jericho|0.0
jerusalem|0.0
jesse|0.0
jew|0.0
jewish|0.0
jim|0.0
jmo|0.0
joan|0.0
author|0.0
aunt|0.0
attrocities|0.0
kick|0.0
kicked|0.0
kicks|0.0
lame|0.0
landslide|0.0
atlantic|0.0
languages|0.0
laptop|0.0
athletic|0.0
largely|0.0
largest|0.0
lashing|0.0
athiest|0.0
latest|0.0
asylum|0.0
laugh|0.0
laughed|0.0
laughing|0.0
laughs|0.0
laundering|0.0
laundry|0.0
astounding|0.0
lawsuit|0.0
lawsuits|0.0
lawyer|0.0
lawyers|0.0
lax|0.0
lay|0.0
lazy|0.0
lb|0.0
lbj|0.0
leaches|0.0
lead|0.0
lands|0.0
lake|0.0
attend|0.0
lagoon|0.0
kidding|0.0
kidnapped|0.0
kidnapping|0.0
kiiiing|0.0
attempting|0.0
killer|0.0
killing|0.0
kills|0.0
kinda|0.0
kinds|0.0
kinds.the|0.0
attacked|0.0
kingdom|0.0
attached|0.0
kits|0.0
atrocity|0.0
kneel|0.0
knife|0.0
knockbacks|0.0
knowing|0.0
knowledge|0.0
known|0.0
knows|0.0
knuckleheads|0.0
la|0.0
labels|0.0
labor|0.0
lace|0.0
lacks|0.0
mail|0.0
main|0.0
maine|0.0
murderer|0.0
movement|0.0
movements|0.0
movie|0.0
mowing|0.0
mr|0.0
mr.|0.0
anti-semitic|0.0
ms.|0.0
multi|0.0
multiculturalism|0.0
anti-semites|0.0
murder|0.0
murdered|0.0
murderedf|0.0
murderers|0.0
moh|0.0
murdering|0.0
murderous|0.0
murders|0.0
murray|0.0
museum|0.0
muslimes|0.0
anti-police|0.0
muzlim|0.0
muzzieazzholes|0.0
muzzy|0.0
mystery|0.0
myth|0.0
mythology|0.0
n|0.0
moved|0.0
anti-truth|0.0
mouth|0.0
motives|0.0
apartment|0.0
apart|0.0
ap|0.0
mommy|0.0
mongrelland|0.0
mongrels|0.0
anywhere|0.0
monkeys|0.0
month-|0.0
monthly|0.0
anytime|0.0
anymore|0.0
moochel|0.0
moochell|0.0
anybody|0.0
moocher|0.0
moochers|0.0
mooh-slum|0.0
moon|0.0
moooooochel|0.0
moot|0.0
moreover|0.0
morning|0.0
morris|0.0
mostly|0.0
mother|0.0
mothers|0.0
motivation|0.0
motivations|0.0
na|0.0
nabbed|0.0
nah|0.0
negotiation|0.0
neil|0.0
nein|0.0
neke|0.0
nerve|0.0
neuter|0.0
nevertheless|0.0
newly|0.0
nexis|0.0
anonymity|0.0
nfl|0.0
annoyance|0.0
nightly|0.0
announced|0.0
nite|0.0
nity|0.0
nj|0.0
no-fly|0.0
nobama|0.0
nobody|0.0
nobodys|0.0
nomination|0.0
ann|0.0
non-asian|0.0
non-caucasian|0.0
non-citizens|0.0
non-jewish|0.0
non-liberals|0.0
non-nationals|0.0
non-whites|0.0
answered|0.0
answering|0.0
nail|0.0
needless|0.0
nailed|0.0
name-calling|0.0
named|0.0
namely|0.0
naming|0.0
nancy|0.0
napolitano|0.0
narcissist|0.0
narrative|0.0
narratives|0.0
narrow|0.0
nascar|0.0
nasty|0.0
nations|0.0
anti-peace|0.0
naturally|0.0
anti-common|0.0
navel|0.0
navy|0.0
nazis|0.0
nc|0.0
near|0.0
nearby|0.0
nearly|0.0
anti-|0.0
nebuchadnezzar|0.0
necessity|0.0
anti|0.0
ante|0.0
molested|0.0
mode|0.0
arkansas|0.0
mcd|0.0
mass|0.0
massachusetts|0.0
massaging|0.0
masse|0.0
masses|0.0
massive|0.0
approved|0.0
matched|0.0
math|0.0
matters|0.0
appropriate|0.0
maximum|0.0
mc6521|0.0
mccain|0.0
meanness|0.0
mob|0.0
means|0.0
meant|0.0
meantime|0.0
measures|0.0
mechanics|0.0
approach|0.0
medicaid|0.0
medical|0.0
medicare|0.0
apprehension|0.0
mediterranean|0.0
meds|0.0
meet|0.0
apprehend|0.0
masquerade|0.0
marxist|0.0
marvels|0.0
approximately|0.0
maketheunitedstatesgreatagain.com|0.0
arises|0.0
males|0.0
maligned|0.0
malk|0.0
argument|0.0
argumebt|0.0
managaes|0.0
arena|0.0
manhattans|0.0
manhood|0.0
architect|0.0
manslaughter|0.0
manson|0.0
arab|0.0
march|0.0
marched|0.0
marches|0.0
margaret|0.0
margin|0.0
ar-15|0.0
ar|0.0
marine|0.0
mark|0.0
marriage|0.0
married|0.0
marries|0.0
marry|0.0
marrying|0.0
mekong.honorable|0.0
melodramatic|0.0
melted|0.0
millions|0.0
appears|0.0
appealing|0.0
mine|0.0
minimum|0.0
apostle|0.0
apologizes|0.0
minting|0.0
minus|0.0
minute|0.0
miscarriages|0.0
miscellaneous|0.0
misconceived|0.0
apologize|0.0
misdeeds|0.0
misery|0.0
misguided|0.0
misinformed|0.0
misquote|0.0
miss|0.0
missed|0.0
missing|0.0
mississippi|0.0
missouri|0.0
apologists|0.0
mistreated|0.0
misunderstood|0.0
mixed|0.0
mlk|0.0
mm|0.0
milwaukee|0.0
millennials|0.0
members|0.0
milking|0.0
memorial|0.0
memphis|0.0
mentality|0.0
appreciate|0.0
mention|0.0
mentioned|0.0
mentioning|0.0
mentoring|0.0
meritocracy|0.0
merkel/obama|0.0
merkels|0.0
met|0.0
meth|0.0
methuen|0.0
mex|0.0
applies|0.0
mexitrash|0.0
michael|0.0
micheal|0.0
michele|0.0
michells|0.0
michigan|0.0
certainly|0.0
migrants|0.0
applications|0.0
miles|0.0
militant|0.0
military|0.0
applauds|0.0
issued|0.0
issue|0.0
israelites|0.0
hamburger|0.0
ha|0.0
haa|0.0
haaaaa|0.0
bathroom/facilities|0.0
habits|0.0
habla|0.0
hacks|0.0
hahahahahahaha|0.0
hahahahahahahaha|0.0
hahahahahahahahahahahahahahahaha|0.0
hair|0.0
bataan|0.0
half|0.0
halfwits|0.0
bastion|0.0
grinch|0.0
han|0.0
hand|0.0
bask|0.0
handful|0.0
handle|0.0
handout|0.0
handouts|0.0
basis|0.0
hang|0.0
hanging|0.0
happened|0.0
happening|0.0
happens|0.0
happiness|0.0
h2o|0.0
h.|0.0
h|0.0
guys|0.0
groin|0.0
groping|0.0
grounds|0.0
beach|0.0
bc|0.0
growing|0.0
grown|0.0
grows|0.0
growth|0.0
gruber|0.0
guam|0.0
guarantee|0.0
guaranteed|0.0
guarantees|0.0
bay|0.0
guarded|0.0
guess|0.0
guessed|0.0
guessing|0.0
guidance|0.0
guide|0.0
battle-hardened|0.0
battle|0.0
gulf|0.0
batock|0.0
guns|0.0
gurl|0.0
gutter|0.0
guy|0.0
happy|0.0
harass|0.0
harassment|0.0
heard|0.0
hears|0.0
heartbeats|0.0
heated|0.0
heavan|0.0
heaven|0.0
hebrew|0.0
hebrews|0.0
heebie|0.0
heed|0.0
heel|0.0
barred|0.0
helicopter|0.0
barracks|0.0
barrack|0.0
barok|0.0
hemorrhoids|0.0
henery|0.0
her/him/it|0.0
here=====jobsbay24.comllllllll|0.0
heritage|0.0
heroes|0.0
herpes|0.0
hetero|0.0
hey|0.0
hidden|0.0
hide|0.0
hideously|0.0
high-risk|0.0
higher|0.0
hearing|0.0
healthy|0.0
harbor|0.0
healthcare|0.0
hard|0.0
harder|0.0
basilone|0.0
hardly|0.0
basically|0.0
harmed|0.0
basement|0.0
baseless|0.0
harsh|0.0
hart|0.0
harvey|0.0
hastert|0.0
hat|0.0
hate-speech|0.0
hated|0.0
hateful|0.0
hater|0.0
hatred|0.0
hauls|0.0
base|0.0
haverford|0.0
hawaii|0.0
hazard|0.0
he/she|0.0
head|0.0
headed|0.0
headlines|0.0
heads|0.0
health|0.0
beast|0.0
grieve|0.0
highways|0.0
genetic|0.0
gaping|0.0
garnering|0.0
believed|0.0
gate|0.0
gated|0.0
gave|0.0
beheading|0.0
ged|0.0
gee|0.0
behavior|0.0
general|0.0
begins|0.0
generated|0.0
generation|0.0
begin|0.0
grew|0.0
genocide|0.0
george|0.0
georgia|0.0
germans|0.0
gfy|0.0
ggots|0.0
gi|0.0
gibberish-|0.0
gift|0.0
gilt|0.0
girl|0.0
girls|0.0
girls-|0.0
git|0.0
gang|0.0
game|0.0
gained|0.0
gaffes|0.0
freight|0.0
french|0.0
frequently|0.0
friday|0.0
friend|0.0
beneficiary|0.0
fringe|0.0
beneath|0.0
fronts|0.0
belongs|0.0
fu|0.0
fu_kin|0.0
fudgepounder|0.0
fueled|0.0
belong|0.0
fun|0.0
function|0.0
functioned|0.0
functions|0.0
fund|0.0
funded|0.0
belly|0.0
funds|0.0
funneling|0.0
funny|0.0
future|0.0
g|0.0
g-grandmum|0.0
g.f.y|0.0
gives|0.0
giving|0.0
givonna|0.0
governor|0.0
govt.|0.0
grace|0.0
grade|0.0
grades|0.0
grading|0.0
grads|0.0
graduated|0.0
graduates|0.0
graduating|0.0
graduations|0.0
graffiti|0.0
grammar|0.0
beauty|0.0
grande|0.0
grandkids|0.0
grandmother|0.0
grandparents|0.0
grandson|0.0
beats|0.0
granting|0.0
beatings|0.0
grave|0.0
gray|0.0
beat|0.0
greater|0.0
greatest|0.0
beastity|0.0
greece|0.0
green|0.0
govt|0.0
governments|0.0
glacier|0.0
governing|0.0
glad|0.0
began|0.0
glance|0.0
gleefully|0.0
glen|0.0
global|0.0
globalization|0.0
globe|0.0
glock|0.0
befell|0.0
goal|0.0
goats|0.0
befall|0.0
godfather|0.0
bedrooms|0.0
gomer|0.0
gon|0.0
bed|0.0
goodness|0.0
goods|0.0
goofball|0.0
google|0.0
gop/fox|0.0
becoming|0.0
gotrumpforamerica|0.0
becomes|0.0
gov|0.0
govener|0.0
goverment|0.0
highest|0.0
hilarious|0.0
auxiliary|0.0
information|0.0
inertia|0.0
inestimable|0.0
inevitable|0.0
inexcusable|0.0
infected|0.0
inferior|0.0
infiltrate|0.0
inflation|0.0
inflicted|0.0
bachelors|0.0
influenced|0.0
influences|0.0
babysitting|0.0
info|0.0
informed|0.0
impression|0.0
inherent|0.0
babylonians|0.0
inherited|0.0
baby|0.0
babies|0.0
b.s|0.0
ink|0.0
azzkicking|0.0
innocents|0.0
insane|0.0
insideout26529|0.0
insisting|0.0
inspections|0.0
ayers|0.0
ineligible|0.0
ineffective|0.0
indy|0.0
backdoor|0.0
improving|0.0
inaccurate|0.0
inalienable|0.0
inappropriate|0.0
inattention|0.0
incapable|0.0
incarcerated|0.0
incentive|0.0
incidental|0.0
include|0.0
backs|0.0
backing|0.0
incoming|0.0
incompetent|0.0
incomprehensible|0.0
backhoe|0.0
increases|0.0
incredible|0.0
incursion|0.0
indeed|0.0
independence|0.0
independent|0.0
india|0.0
backfired|0.0
indians|0.0
backed|0.0
indiscriminately|0.0
indited|0.0
individuals|0.0
aww|0.0
institute|0.0
institutions|0.0
internet|0.0
interview|0.0
interviewed|0.0
awarded|0.0
award|0.0
'96|0.0
intolerable|0.0
intolerance|0.0
aw|0.0
avoiding|0.0
invalidated|0.0
invasion|0.0
investigator|0.0
avoid|0.0
involved|0.0
involves|0.0
iran|0.0
iranians|0.0
ave|0.0
irish|0.0
ironic|0.0
irrelevant|0.0
irresponsible|0.0
irs|0.0
available|0.0
islamic|0.0
islamists|0.0
island|0.0
ism|0.0
isnt|0.0
interpretation|0.0
internationally|0.0
awsome|0.0
international|0.0
insufficient|0.0
insulated|0.0
insult|0.0
insulting|0.0
insults|0.0
insurance|0.0
insurgent|0.0
insurgents|0.0
integrated|0.0
integration|0.0
integrity|0.0
intelius|0.0
intellectual|0.0
intellectuals|0.0
intelligence|0.0
intelligent|0.0
intend|0.0
intention|0.0
intentionally|0.0
inter-generational|0.0
interact|0.0
interchangeable|0.0
interest|0.0
interested|0.0
aware|0.0
interestingly|0.0
interests|0.0
intern|0.0
awards|0.0
impressive|0.0
impossible|0.0
hildabeeste|0.0
barak|0.0
hooligans|0.0
hoops|0.0
hopefully|0.0
hoping|0.0
hoplophobe|0.0
hoplophobes|0.0
hordes|0.0
hormones|0.0
horrible|0.0
horse|0.0
hospital|0.0
hospitals|0.0
hostage|0.0
barbarians|0.0
hotel|0.0
impossibility|0.0
hour|0.0
hours|0.0
housed|0.0
housing|0.0
howard|0.0
howlling|0.0
hr|0.0
hrc|0.0
hrs|0.0
hs|0.0
hsa|0.0
huge|0.0
hugely|0.0
hugh|0.0
barbaric|0.0
honoring|0.0
honorably|0.0
honeyblonde|0.0
hill|0.0
barker|0.0
hillry|0.0
hire|0.0
hired|0.0
his/her/it|0.0
hit|0.0
hiv|0.0
hmmm|0.0
hmmmm|0.0
ho|0.0
hoard|0.0
hold|0.0
holding|0.0
hole|0.0
holidays|0.0
holt|0.0
home.see|0.0
bargaining|0.0
homeowners|0.0
homes|0.0
homeschooling|0.0
homoerotic|0.0
homosexuality|0.0
homosexuals|0.0
bare|0.0
barbarism|0.0
honestly|0.0
honey|0.0
huh|0.0
hull|0.0
hum|0.0
ignore|0.0
ignoring|0.0
ijs|0.0
il|0.0
ilk|0.0
bangee|0.0
bandits|0.0
banana|0.0
illinois|0.0
illness|0.0
image|0.0
imaginary|0.0
imagination|0.0
imagine|0.0
immature|0.0
immediate|0.0
immediately|0.0
ban|0.0
ball|0.0
immigrate|0.0
impact|0.0
baiting|0.0
impeached|0.0
implemented|0.0
implied|0.0
imploded|0.0
bacteria|0.0
important|0.0
impose|0.0
imposing|0.0
ignored|0.0
ignorance|0.0
humans|0.0
ignoiring|0.0
humor|0.0
hundred|0.0
hundreds|0.0
barack|0.0
hunter|0.0
hurt|0.0
hurts|0.0
husbands|0.0
hypocrisy|0.0
hypocrite|0.0
hypocrites|0.0
hypocritical|0.0
hypothesis|0.0
barac|0.0
bar|0.0
banning|0.0
icon|0.0
id|0.0
banner|0.0
banned|0.0
identical|0.0
identification|0.0
bankrupt|0.0
identifying|0.0
identities|0.0
identity|0.0
idocracy|0.0
if/when|0.0
ifif|0.0
might|0.0
